Date,Close,Open,Volume
2018-01-02,23.603912353515625,22.879725676696513,14156500
2018-01-03,23.462472915649414,23.666150376979555,12744200
2018-01-04,23.558652877807617,23.65483486099395,18433000
2018-01-05,23.926403045654297,23.519048138419453,15251300
2018-01-08,24.45822525024414,23.988637495067508,14542800
2018-01-09,24.36769676208496,24.656240469810438,15986200
2018-01-10,24.028244018554688,24.181002123047143,12149500
2018-01-11,24.497827529907227,24.101788309042377,10236300
2018-01-12,24.639270782470703,24.299809815032656,15014300
2018-01-15,24.594011306762695,24.610983708338452,7253400
2018-01-16,23.932058334350586,24.31678191034027,20121900
2018-01-17,24.4129638671875,23.988636584385212,16490700
2018-01-18,24.24888801574707,24.610980253468206,10772100
2018-01-19,24.26020622253418,24.441252360458744,11173100
2018-01-22,24.130083084106445,24.384677770160316,11580900
2018-01-23,23.156957626342773,23.756674379388123,22075600
2018-01-24,23.637859344482422,23.315370761277165,22096600
2018-01-25,23.637859344482422,23.637859344482422,0
2018-01-26,23.439838409423828,23.67746064306649,19259500
2018-01-29,23.70009422302246,23.253135607432252,16752900
2018-01-30,23.462472915649414,23.592599703001365,13180300
2018-01-31,23.451162338256836,23.620892873363374,22859700
2018-02-01,23.643512725830078,23.536015117720233,21949700
2018-02-02,23.083406448364258,23.564312053308768,17892300
2018-02-05,22.828807830810547,22.970250263859537,22452800
2018-02-06,24.028244018554688,22.636448674814684,26037000
2018-02-07,23.59825325012207,24.005608117527824,20560700
2018-02-08,23.530364990234375,23.586941104346014,18928800
2018-02-09,23.762327194213867,23.42286624044971,22760500
2018-02-14,25.182411193847656,24.554408570030507,25905800
2018-02-15,25.99712371826172,25.46529870500914,31043100
2018-02-16,26.042375564575195,25.923564459402765,21107300
2018-02-19,26.280006408691406,26.08198569303747,12756100
2018-02-20,25.748180389404297,26.053696572578115,18417600
2018-02-21,25.346477508544922,25.74817340435169,24312600
2018-02-22,25.83870506286621,25.58976713426059,14081800
2018-02-23,26.07067108154297,26.02540846564736,17489800
2018-02-26,26.817485809326172,26.444077877419918,20374600
2018-02-27,26.777881622314453,26.857089037023286,15063400
2018-02-28,25.487930297851562,26.58552514450246,39459100
2018-03-01,25.148466110229492,25.578450175580613,25776000
2018-03-02,24.752426147460938,24.780714202838553,25236200
2018-03-05,24.72414207458496,24.599672020985803,16100600
2018-03-06,24.60532569885254,25.1767521577511,22342000
2018-03-07,24.518644332885742,24.324097235772914,19334700
2018-03-08,23.723297119140625,24.421378452559996,19983100
2018-03-09,24.089494705200195,23.44291361637104,21077800
2018-03-12,24.29548454284668,24.19821209878218,11838200
2018-03-13,24.106666564941406,24.45570717603422,13838900
2018-03-14,24.375598907470703,24.518648201957642,17936000
2018-03-15,24.261157989501953,24.432816683490763,16039100
2018-03-16,24.203937530517578,24.261158551678914,26802000
2018-03-19,23.51729965209961,23.757623566223792,21861500
2018-03-20,23.80339813232422,23.517299586585906,9322500
2018-03-21,24.318376541137695,23.8892287198235,19798000
2018-03-22,23.992225646972656,23.997946657813813,15229500
2018-03-23,23.80339813232422,23.597409012909925,14983200
2018-03-26,24.032278060913086,24.032278060913086,9850900
2018-03-27,23.379974365234375,24.255435248848222,11659800
2018-03-28,23.769067764282227,23.236924293234214,19038400
2018-03-29,24.15243911743164,23.957892015716176,20347700
2018-04-02,24.604475021362305,24.21538082314797,18944000
2018-04-03,24.530092239379883,24.833358225890493,13693900
2018-04-04,24.34698486328125,23.917837061286544,12440000
2018-04-05,24.747526168823242,24.781858782827516,14686600
2018-04-06,24.455705642700195,24.55297810447502,11282700
2018-04-09,24.575862884521484,24.644525916975578,11918100
2018-04-10,25.657312393188477,25.062227016558587,22479700
2018-04-11,25.542877197265625,25.497102566087733,17709600
2018-04-12,25.640153884887695,25.4169951732483,9812400
2018-04-13,25.737424850463867,25.66303861757931,15483300
2018-04-16,25.485658645629883,25.52571226688983,11434200
2018-04-17,26.2810115814209,25.519988431126684,13348000
2018-04-18,27.167919158935547,26.893264801616056,27655600
2018-04-19,27.368186950683594,27.339575350929817,16092700
2018-04-20,27.253742218017578,27.328126252328996,10188600
2018-04-23,27.179357528686523,27.019143067000094,11785300
2018-04-24,27.642841339111328,27.29380077588684,15113400
2018-04-25,27.43684959411621,27.322409745019907,15525500
2018-04-26,27.865997314453125,27.293800253305253,13273500
2018-04-27,27.665729522705078,27.980439680860272,14624200
2018-04-30,27.848834991455078,27.6142342409585,8464400
2018-05-02,27.871721267700195,27.751560396033092,16526500
2018-05-03,28.089153289794922,27.92893881417507,14025900
2018-05-04,28.438199996948242,27.99188471675443,14861100
2018-05-07,28.174989700317383,28.4496440808549,15433900
2018-05-08,28.14637565612793,28.1807082692542,22420400
2018-05-09,28.75290298461914,28.27797836520876,16776100
2018-05-10,29.410932540893555,28.844456437461954,14314200
2018-05-11,30.114728927612305,29.62263915499764,21432500
2018-05-14,31.053138732910156,30.3722249290504,15847800
2018-05-15,31.27056884765625,30.789923250764495,15954500
2018-05-16,31.98581314086914,31.659661025818494,20944200
2018-05-17,31.688278198242188,31.64250137935568,20241200
2018-05-18,31.3392333984375,31.2991797786533,22361100
2018-05-21,30.326444625854492,31.476559772949535,22608800
2018-05-22,29.948795318603516,30.252059073169765,20491700
2018-05-23,29.71991729736328,29.63981005069321,15703000
2018-05-24,30.017459869384766,29.365155513168645,14500200
2018-05-25,29.456701278686523,30.086119287927367,13141500
2018-05-28,29.22210693359375,29.124834470286125,13832600
2018-05-29,28.70140838623047,29.73708599293891,18697800
2018-05-30,28.9703426361084,28.730018695415588,25861400
2018-06-01,30.189115524291992,29.124830840342277,20424100
2018-06-04,30.051788330078125,30.42943828322813,13964100
2018-06-05,30.74415397644043,30.040351712534974,16988600
2018-06-06,32.083091735839844,31.184742449083284,26835500
2018-06-07,31.1103515625,32.30624342915511,32389900
2018-06-08,29.11910629272461,30.89291838229899,30421100
2018-06-11,29.096223831176758,29.39376660729122,14362000
2018-06-12,29.58258819580078,28.895951292883527,18403200
2018-06-13,29.496767044067383,29.742812029874667,15599000
2018-06-14,29.588308334350586,29.679859773192135,18827200
2018-06-15,28.11204719543457,29.41093501580804,36611400
2018-06-18,28.157819747924805,27.820223359855376,20490400
2018-06-19,27.637115478515625,27.293798141493927,26764800
2018-06-20,27.928937911987305,28.06626397729442,14448400
2018-06-21,27.013423919677734,27.75727969529719,13952800
2018-06-22,27.471176147460938,27.551285558463867,9632500
2018-06-25,26.98480796813965,27.293794843781562,13800400
2018-06-26,27.660009384155273,27.179363707077652,15460100
2018-06-27,27.551288604736328,27.74011249465391,14471100
2018-06-28,28.077709197998047,27.379628095305108,16298400
2018-06-29,28.37525749206543,28.438199529440016,12248000
2018-07-02,27.900327682495117,27.97471391146034,8222800
2018-07-03,27.442569732666016,28.209313859670843,11486600
2018-07-04,27.482622146606445,27.56272938009074,6147000
2018-07-05,28.438199996948242,27.780172373453176,12179600
2018-07-06,28.804401397705078,28.489693436944194,8582200
2018-07-10,28.34092140197754,29.010393137810336,10935700
2018-07-11,27.957555770874023,27.751564427940636,12912600
2018-07-12,28.867341995239258,28.237923922163787,20765500
2018-07-13,28.787235260009766,28.95317075073603,15555400
2018-07-16,28.609853744506836,28.78723562351588,12550000
2018-07-17,29.010395050048828,28.68424285919235,11553600
2018-07-18,29.43954086303711,29.267882171737618,9762900
2018-07-19,28.283706665039062,29.016118353926913,20977000
2018-07-20,27.877445220947266,28.37525611910451,16788900
2018-07-23,28.3809757232666,28.083435147519452,8554600
2018-07-24,29.35943031311035,29.70846866691861,20910300
2018-07-25,29.611196517944336,29.445258854174984,15263700
2018-07-26,30.2005672454834,30.02318751204698,54299500
2018-07-27,30.583932876586914,30.601098089670153,21543400
2018-07-30,31.087472915649414,30.72698809176215,15527200
2018-07-31,31.379291534423828,31.01308571068654,15921000
2018-08-01,30.360780715942383,30.55532782881344,36906000
2018-08-02,30.23488998413086,29.805742228214598,19796400
2018-08-03,30.935644149780273,30.794359875411615,15607700
2018-08-06,30.84734344482422,30.670734725309234,11904900
2018-08-07,31.05338478088379,31.430145867258833,19065600
2018-08-08,30.84734344482422,31.377162866349703,13076000
2018-08-09,30.51767921447754,30.90621439128389,12752800
2018-08-10,30.441150665283203,30.264544164867072,14630800
2018-08-13,30.776700973510742,30.653076658697536,14720600
2018-08-14,31.059268951416016,30.67073382213608,17475600
2018-08-15,29.67584228515625,30.376382092191804,26625700
2018-08-16,29.269657135009766,29.96431126823051,20125600
2018-08-17,29.90544319152832,29.15780683103093,17343200
2018-08-20,30.282201766967773,30.082047150009437,14783600
2018-08-21,30.452930450439453,30.11737736293012,13378300
2018-08-22,31.377168655395508,30.405831747218507,13073500
2018-08-23,31.40660285949707,31.25943039577745,12263000
2018-08-24,31.877553939819336,31.553772749506795,10971100
2018-08-27,32.77235794067383,31.889323298534517,11205300
2018-08-28,32.76058578491211,32.925418197801804,17875600
2018-08-29,32.507450103759766,32.52511007839956,10292800
2018-08-30,32.12479782104492,32.5545410469006,14432500
2018-08-31,31.5655460357666,32.09536774712993,15000000
2018-09-03,31.81869125366211,31.37717379247621,4356600
2018-09-04,30.611875534057617,31.553778498374484,10521800
2018-09-05,30.700170516967773,30.65896241525424,7100000
2018-09-06,31.48312759399414,31.076932474504588,12479400
2018-09-10,31.330068588256836,31.736263699206702,9341300
2018-09-11,30.959197998046875,30.970972064032054,10347800
2018-09-12,31.46547508239746,31.200564182655267,14230800
2018-09-13,31.659740447998047,31.61264642621079,14353500
2018-09-14,32.495670318603516,31.848110332496603,17021500
2018-09-17,32.40148162841797,32.55453996232873,12096900
2018-09-18,33.755470275878906,32.748811344694865,20647900
2018-09-19,34.485450744628906,33.91442090042951,12451900
2018-09-20,34.921077728271484,34.856321492870165,11264600
2018-09-21,35.91596221923828,35.25663029939191,23057600
2018-09-24,35.43913269042969,35.82177978084672,9008600
2018-09-25,36.61650848388672,35.32139038722059,16840000
2018-09-26,35.3272705078125,36.616502482887675,24600600
2018-09-27,35.01526641845703,35.450897826006404,20631400
2018-09-28,35.215423583984375,34.644393760542265,14753000
2018-10-01,35.556861877441406,35.133004537882215,8976500
2018-10-02,36.02781295776367,35.83354426337246,20530200
2018-10-03,35.291954040527344,36.5046535940932,26674700
2018-10-04,34.61495590209961,35.31549812262919,14396500
2018-10-05,33.84377670288086,34.05570313895957,20202600
2018-10-08,33.584747314453125,33.55531327825593,26384200
2018-10-09,33.967403411865234,33.790796913186774,17830500
2018-10-10,32.90187072753906,33.779019468711006,14135900
2018-10-11,33.249202728271484,33.22565459511878,15976400
2018-10-15,33.949737548828125,33.52588244659407,16290900
2018-10-16,33.967403411865234,34.10868771253862,15825800
2018-10-17,34.61495590209961,34.344159163483475,21832000
2018-10-18,33.26097869873047,34.64439903837278,17237800
2018-10-19,33.27863311767578,33.61418611839846,13429700
2018-10-22,34.36182403564453,33.967402935648124,14084400
2018-10-23,33.40814208984375,33.73780914622109,20763100
2018-10-24,32.04238510131836,33.79079447724309,17954800
2018-10-25,32.14834976196289,32.94896823494231,29494700
2018-10-26,32.73114776611328,32.31906675572606,26630300
2018-10-29,31.259424209594727,31.806905845939983,26198300
2018-10-30,31.71272087097168,31.553774345598242,23799200
2018-10-31,33.38459777832031,31.995289501030115,26626000
2018-11-01,33.84966278076172,33.40814544014309,20420000
2018-11-05,33.867332458496094,33.91442873291132,15491800
2018-11-06,33.69071578979492,33.55531741007716,11211000
2018-11-07,33.902645111083984,34.02038351827129,12982500
2018-11-08,33.56708908081055,34.01449229293553,16743700
2018-11-09,32.17190170288086,33.26097704410879,29209700
2018-11-12,32.28963088989258,32.43680332283771,15985200
2018-11-13,33.12557601928711,32.31907160494017,18790200
2018-11-14,32.47212600708008,32.50156004498036,28360900
2018-11-16,33.054927825927734,32.878319117932556,19633700
2018-11-19,32.59575271606445,33.05493227470954,12979700
2018-11-21,32.101253509521484,31.877553006349576,18590600
2018-11-22,31.81279945373535,32.19544650186423,9255400
2018-11-23,29.64052963256836,31.430147109240906,33531500
2018-11-26,29.5051326751709,29.40505648530337,30327300
2018-11-27,29.38739013671875,29.25199176879232,25582700
2018-11-28,30.788471221923828,29.728830198631947,29038300
2018-11-29,30.611875534057617,30.56477926300487,23362000
2018-11-30,31.082822799682617,30.35284866277998,29502000
2018-12-03,31.854007720947266,32.731154328253524,32418200
2018-12-04,31.12991714477539,31.99528962071487,26844200
2018-12-05,31.082822799682617,31.37716771681157,9656100
2018-12-06,30.788471221923828,30.435258296050872,21376400
2018-12-07,30.19390296936035,30.89444308297235,19472100
2018-12-10,29.552227020263672,30.09382053288709,14331300
2018-12-11,29.787702560424805,30.111483742384063,19443900
2018-12-12,29.65230369567871,30.111483252775955,15808900
2018-12-13,29.787702560424805,29.93487500834325,15149000
2018-12-14,29.952531814575195,29.658186971947575,16910700
2018-12-17,30.170347213745117,30.552996418139863,21401300
2018-12-18,30.282201766967773,30.229219596429587,18988400
2018-12-19,29.44037437438965,30.494129600390817,24414200
2018-12-20,29.322635650634766,29.870117267815996,25323700
2018-12-21,29.940765380859375,29.59932419848269,28272600
2018-12-26,29.693506240844727,29.49923981687645,13356400
2018-12-27,29.140151977539062,29.493365042633613,14332000
2018-12-28,30.023181915283203,29.616986733107137,11914300
2019-01-02,30.0761661529541,29.440380002645195,17319600
2019-01-03,28.845796585083008,29.905437643155523,30120000
2019-01-04,30.723712921142578,29.328519038738875,43360100
2019-01-07,30.55889320373535,31.12403497958427,20998900
2019-01-08,30.85322380065918,30.729599515789268,19925600
2019-01-09,31.60675048828125,31.29474565302695,27695500
2019-01-10,31.259424209594727,31.335954504372328,18113600
2019-01-11,30.835575103759766,31.35362055709195,12360400
2019-01-14,30.965085983276367,30.600098895970717,14626300
2019-01-15,30.81790542602539,31.112250281080733,14480300
2019-01-16,30.994516372680664,30.847343934530564,15375100
2019-01-17,31.924650192260742,30.8708948252239,25525500
2019-01-18,32.23665237426758,32.3485048732014,25815900
2019-01-21,32.54277038574219,32.289633600175264,10676600
2019-01-22,32.42502975463867,32.07181458722708,17154300
2019-01-23,32.76058578491211,32.648733294159925,13470400
2019-01-24,33.054927825927734,32.84888508182436,14118200
2019-01-28,24.936899185180664,26.491039829185137,183534500
2019-01-29,25.160606384277344,25.472611301131494,68335900
2019-01-30,27.43294334411621,27.226902815672346,67892500
2019-01-31,26.785383224487305,27.662531926967798,39814600
2019-02-01,27.22690200805664,26.91489714690409,21286700
2019-02-04,26.302658081054688,27.079728367601575,35888900
2019-02-05,26.20846939086914,26.16726128574095,21992300
2019-02-06,24.995765686035156,25.902348419685705,29257400
2019-02-07,24.483606338500977,24.81327340083264,31403200
2019-02-08,25.40785026550293,23.92435178250427,48169600
2019-02-11,24.736745834350586,25.819935163572104,30697300
2019-02-12,26.078954696655273,25.019313627450806,36421200
2019-02-13,26.77950096130371,26.08484679245694,38153200
2019-02-14,26.879575729370117,26.720629216543212,24055400
2019-02-15,27.009090423583984,26.726519570538613,27877700
2019-02-18,26.63821029663086,26.95610328996104,18777400
2019-02-19,26.77950096130371,26.78538687142089,20523500
2019-02-20,26.961992263793945,27.020862590920512,25493000
2019-02-21,26.71474266052246,26.985539418488983,21401300
2019-02-22,27.662532806396484,26.90312247714746,17580700
2019-02-25,27.73906135559082,27.874459733317313,16801500
2019-02-26,27.786161422729492,27.544798673590883,10362900
2019-02-27,27.568344116210938,27.815592751635606,15004800
2019-02-28,27.7272891998291,27.42117247430172,17877800
2019-03-01,27.51535987854004,27.839138791616445,29872100
2019-03-06,28.286544799804688,27.921557747961764,15244200
2019-03-07,28.763383865356445,28.157034092542734,21112500
2019-03-08,28.757495880126953,28.410168807715497,25446000
2019-03-11,29.363849639892578,28.786933870261894,20201600
2019-03-12,29.416831970214844,29.316753529845602,15591300
2019-03-13,29.84657096862793,29.39916549813546,21999200
2019-03-14,29.852460861206055,29.90544303594751,17257400
2019-03-15,29.758268356323242,29.90544080343233,26054400
2019-03-18,29.705286026000977,29.581661710054878,23021400
2019-03-19,30.553001403808594,29.84657319732041,32034400
2019-03-20,29.764156341552734,30.288089890956797,25667000
2019-03-21,29.95842170715332,29.746493032971838,19660000
2019-03-22,29.46392059326172,29.711171448080794,25714700
2019-03-25,29.169578552246094,29.199012592517466,15897500
2019-03-26,29.599321365356445,29.322638696323057,13413800
2019-03-27,29.199010848999023,29.463921686969766,20805100
2019-03-28,29.02240562438965,29.734719717252897,28490000
2019-03-29,29.98197364807129,29.405057875945023,25118100
2019-04-01,30.965085983276367,30.817913517109325,25392200
2019-04-02,30.394052505493164,31.22999087488595,21442400
2019-04-03,30.482357025146484,31.071046823210644,21477200
2019-04-04,30.70606231689453,30.61187203124073,14145700
2019-04-05,30.6000919342041,30.729604393581532,8359200
2019-04-08,31.430150985717773,30.906217374299327,14400900
2019-04-09,30.81790542602539,31.306518963340316,14745400
2019-04-10,30.4705810546875,31.047498996914094,15608000
2019-04-11,30.488245010375977,30.317524430929524,10274300
2019-04-12,30.30574607849121,30.664847161813327,16905900
2019-04-15,30.217445373535156,30.370503717542213,15787300
2019-04-16,31.259424209594727,30.18212315611329,18935600
2019-04-17,30.7590389251709,31.294746498921114,26483700
2019-04-18,30.953306198120117,30.729603478314644,10706000
2019-04-22,30.199783325195312,30.58243255588786,16324700
2019-04-23,30.564773559570312,30.37050709191268,9890800
2019-04-24,29.64641571044922,30.346955693664125,19992800
2019-04-25,29.628755569458008,29.56988524829785,15916200
2019-04-26,29.681737899780273,29.71706009534409,10632700
2019-04-29,29.581655502319336,29.987850560476122,8729200
2019-04-30,29.49335479736328,29.563999182381178,11371400
2019-05-02,28.810476303100586,29.01063091311396,15906200
2019-05-03,29.669963836669922,29.110708133736072,10614000
2019-05-06,29.23434066772461,29.19901846489113,10437300
2019-05-07,29.257884979248047,29.051842191491044,15190600
2019-05-08,28.845796585083008,29.328521980934635,18474900
2019-05-09,28.575000762939453,28.845797506693795,12456600
2019-05-10,29.116594314575195,28.433714298658035,25272300
2019-05-13,27.92155647277832,28.569114333151987,18657700
2019-05-14,28.015748977661133,28.363076065677234,14183900
2019-05-15,28.22766876220703,27.756717498089074,18447400
2019-05-16,27.315210342407227,28.58089219122928,49247900
2019-05-17,28.0922794342041,27.31520903748378,34079700
2019-05-20,27.52124786376953,28.033407355654354,23909600
2019-05-21,27.90978240966797,27.727287769231417,32381300
2019-05-22,27.93921661376953,28.12759716502325,21087400
2019-05-23,28.151142120361328,27.709624832092583,15786300
2019-05-24,28.439603805541992,28.633870263315444,24936500
2019-05-27,29.546337127685547,28.845797148241996,17281600
2019-05-28,29.581655502319336,29.405049052932593,37041000
2019-05-29,29.257884979248047,29.151920630269814,17842500
2019-05-30,29.44037437438965,29.263767892735544,12877800
2019-05-31,28.845796585083008,29.146027357362204,28857900
2019-06-03,28.74571990966797,29.051836585789985,22451600
2019-06-04,28.910552978515625,28.95176107993171,19537300
2019-06-05,28.4866943359375,29.010627811694256,14392200
2019-06-06,28.728059768676758,28.78104193677424,10869100
2019-06-07,28.645645141601562,28.875233800794796,11626500
2019-06-10,28.45726776123047,28.816368933106634,11670100
2019-06-11,30.276321411132812,29.29320812095257,44669000
2019-06-12,30.311634063720703,30.346954008982447,24531300
2019-06-13,30.5235652923584,30.55300157895556,18058600
2019-06-14,30.258651733398438,30.435258195752915,20375200
2019-06-17,29.552227020263672,30.023178388995618,20551200
2019-06-18,30.611875534057617,30.023185619941124,27229300
2019-06-19,30.788471221923828,31.200554465890953,23746400
2019-06-21,30.87089729309082,31.053391969029082,20492800
2019-06-24,30.84734344482422,30.894437456534565,9338300
2019-06-25,30.246883392333984,30.723720706338327,12449700
2019-06-26,30.364622116088867,30.31752585237551,13277900
2019-06-27,30.435264587402344,30.700175459403972,14941500
2019-06-28,30.505910873413086,30.653083350512016,11106100
2019-07-01,31.583206176757812,31.259425015761316,22807300
2019-07-02,30.25275993347168,31.848108302730342,48452700
2019-07-03,30.19390296936035,30.47647382810318,19929700
2019-07-04,30.4175968170166,30.423484971805625,16192600
2019-07-05,29.64641571044922,29.66996383904631,27847600
2019-07-08,29.99374771118164,29.81714120882245,12777600
2019-07-10,30.688400268554688,30.382281299425344,28106700
2019-07-11,30.641300201416016,30.535335869656514,18567500
2019-07-12,30.500022888183594,30.882669955213533,22248600
2019-07-15,31.0180606842041,30.882662317448226,20144200
2019-07-16,31.229991912841797,31.318296276790583,17393700
2019-07-17,31.0180606842041,31.194669397572962,13876700
2019-07-18,30.959197998046875,30.970972064032054,12217200
2019-07-19,31.03572654724121,31.08870871833856,11523100
2019-07-22,30.876781463623047,30.71783494297137,11348100
2019-07-23,30.4705810546875,30.847344388258986,11146800
2019-07-24,29.8171443939209,30.07616714200523,25121800
2019-07-25,29.722942352294922,30.023173095150362,12761900
2019-07-26,29.56988525390625,30.023176621396342,12604500
2019-07-29,29.587547302246094,29.611095432365932,8462200
2019-07-30,29.44037437438965,29.534564647650058,10182500
2019-07-31,29.322635650634766,29.65818861011061,23244900
2019-08-01,28.492584228515625,28.987083698454263,45701400
2019-08-02,28.162919998168945,28.374848684546144,19834300
2019-08-05,27.079729080200195,27.432942039498734,36490300
2019-08-06,27.444717407226562,27.350527130563528,21913400
2019-08-07,27.36229705810547,26.991421917346734,20828200
2019-08-08,27.774385452270508,27.845027600775595,24237600
2019-08-09,26.77950096130371,27.491815106175473,24707500
2019-08-12,26.585227966308594,26.579342057138113,16409000
2019-08-13,27.37407684326172,26.814821060770065,19989100
2019-08-14,26.42039680480957,27.06795463634473,24950100
2019-08-15,25.837589263916016,26.496921065704292,24570500
2019-08-16,25.71985626220703,26.167261762715977,19541100
2019-08-19,25.69631004333496,26.07307114686439,27533700
2019-08-20,25.80815887451172,25.613890177999487,16865100
2019-08-21,25.99064826965332,25.66686717403786,16171800
2019-08-22,25.837589263916016,26.12604819038938,12254400
2019-08-23,25.478498458862305,25.802279704283322,26087800
2019-08-26,25.195920944213867,25.602118310449622,13270500
2019-08-27,25.502042770385742,25.40196657911447,27809400
2019-08-28,25.59623146057129,25.49615527552049,13467000
2019-08-29,26.549907684326172,25.967106070577927,23487000
2019-08-30,26.82659339904785,27.07384427720076,27305700
2019-09-02,27.085615158081055,27.403508170829546,12757600
2019-09-03,26.797155380249023,27.079726166417842,13227000
2019-09-04,27.385848999023438,27.10916408215164,12439100
2019-09-05,27.385848999023438,27.63898578559268,20284900
2019-09-06,27.344640731811523,27.344640731811523,10419000
2019-09-09,28.192359924316406,27.491819727590624,24430000
2019-09-10,28.398391723632812,28.18646307525397,21440800
2019-09-11,28.22766876220703,28.61031568182104,16872500
2019-09-12,29.251996994018555,28.622099052347558,39340500
2019-09-13,29.31086540222168,29.410941589346756,22067600
2019-09-16,28.604433059692383,29.08127253258396,26369500
2019-09-17,28.78693389892578,28.404284606987122,14473900
2019-09-18,28.492584228515625,28.845797173183307,15335300
2019-09-19,28.44548797607422,28.4925842330631,15680000
2019-09-20,28.504362106323242,28.645648661627792,23870900
2019-09-23,28.315975189208984,28.368957354875263,11946300
2019-09-24,27.627214431762695,28.0863917893595,15322500
2019-09-25,28.174694061279297,27.686080451541702,14554600
2019-09-26,28.174694061279297,28.31597835507023,12257300
2019-09-27,28.056947708129883,28.34540661525649,13450600
2019-09-30,28.109933853149414,28.05106577999842,12116600
2019-10-01,28.086393356323242,28.16880957939525,16083800
2019-10-02,26.549907684326172,27.609551065092532,24637800
2019-10-03,26.75006675720215,26.679424601926563,24569900
2019-10-04,27.427053451538086,26.903119973285712,21339100
2019-10-07,27.1032772064209,27.256335556585743,12531500
2019-10-08,26.679420471191406,27.256336182245217,14671300
2019-10-09,26.885459899902344,26.885459899902344,9509400
2019-10-10,27.809703826904297,27.11504976601011,15441700
2019-10-11,28.633872985839844,28.27477183005717,24527700
2019-10-14,28.251224517822266,28.374848836981982,11520400
2019-10-15,28.204124450683594,28.18646447766434,14669700
2019-10-16,27.550678253173828,27.898005275358912,24417100
2019-10-17,27.497699737548828,27.662534406919335,14158400
2019-10-18,27.097387313842773,27.60366083647686,16452100
2019-10-21,27.792041778564453,27.326976350154787,13486800
2019-10-22,27.84502410888672,27.83325004466682,15194800
2019-10-23,27.733177185058594,28.021633933098514,12362800
2019-10-24,27.52124786376953,27.9392170784609,14646600
2019-10-25,28.586774826049805,28.10993532415067,21754000
2019-10-28,28.669189453125,28.639755416629228,10932200
2019-10-29,28.639759063720703,28.498472526606797,10091200
2019-10-30,28.604433059692383,28.492582823387306,15325200
2019-10-31,27.786161422729492,28.315980941347284,21765000
2019-11-01,28.51613426208496,28.139373134085993,20151300
2019-11-04,29.328529357910156,28.892900108506325,20980000
2019-11-05,29.357959747314453,29.47569815665006,15951200
2019-11-06,29.251996994018555,29.375623565663336,14879300
2019-11-07,29.499248504638672,29.340301976941138,26788900
2019-11-08,28.951753616333008,29.040057951273464,19854000
2019-11-11,28.333635330200195,28.516127696365267,20385800
2019-11-12,28.1982421875,28.433716759003964,13130500
2019-11-13,27.73906135559082,28.051068460995857,16882100
2019-11-14,27.66842269897461,27.874463246335857,14155900
2019-11-18,28.027524948120117,28.092281192846283,16777800
2019-11-19,28.357181549072266,28.321861604579492,13108100
2019-11-21,28.504362106323242,28.115826886327742,15624200
2019-11-22,29.452146530151367,28.580885997549892,27680500
2019-11-25,29.940765380859375,29.75238481322862,24507100
2019-11-26,30.152692794799805,29.787703495618302,32446500
2019-11-27,29.77593231201172,29.98197285170064,13507600
2019-11-28,29.65230369567871,29.764156191508963,10145300
2019-11-29,29.422714233398438,29.65230288281667,10290800
2019-12-02,30.223329544067383,29.522789603570317,23952200
2019-12-03,29.681737899780273,30.170351499549835,13479700
2019-12-04,29.97608184814453,29.92310192497776,9105800
2019-12-05,29.99374771118164,29.846575251603394,9503500
2019-12-06,30.22922134399414,30.170353260292213,13892600
2019-12-09,30.282201766967773,30.759041301811457,19388300
2019-12-10,30.14091682434082,30.152690889280677,13878600
2019-12-11,30.511795043945312,30.24688417064102,15572100
2019-12-12,31.171127319335938,30.670739610464953,25140900
2019-12-13,31.647960662841797,31.37716391089133,28172500
2019-12-16,31.400714874267578,32.08359497097891,21806800
2019-12-17,31.447803497314453,31.34772732368771,13570300
2019-12-18,31.477243423461914,31.36539092743315,22924500
2019-12-19,31.789243698120117,31.49489884906345,17683200
2019-12-20,32.25431442260742,32.242540357220925,42124200
2019-12-23,32.13069152832031,32.319072091504964,10225700
2019-12-26,32.25431442260742,32.26608848799392,20410000
2019-12-27,32.389896392822266,32.62557108948714,13920400
2019-12-30,32.2086067199707,32.420109275937,11928100
2020-01-02,32.83102798461914,32.61952541602714,17509700
2020-01-03,32.58930587768555,32.43823362804123,17284800
2020-01-06,32.395938873291016,32.51075297190688,32787800
2020-01-07,32.63160705566406,32.32946254588939,16326400
2020-01-08,32.63764953613281,32.75246592728894,15298500
2020-01-09,32.2086067199707,32.480537260396034,14638000
2020-01-10,32.244873046875,32.480545473106815,9129200
2020-01-13,33.41718673706055,32.41406692422543,27497400
2020-01-14,33.622642517089844,33.417184147003205,27817000
2020-01-15,33.51386642456055,33.41718027954363,21425300
2020-01-16,33.33863067626953,33.59847519033021,13149100
2020-01-17,34.44447708129883,33.991260277597526,36524100
2020-01-20,34.66202926635742,34.444484783108926,16746300
2020-01-21,33.85831832885742,34.323621223384016,25436800
2020-01-22,34.02147674560547,34.202763019240734,17269400
2020-01-23,33.53804016113281,33.49574011471332,23028900
2020-01-24,32.5107536315918,33.61055962651908,19744800
2020-01-27,30.52263832092285,31.217571637282656,38779700
2020-01-28,30.939603805541992,30.939603805541992,23046400
2020-01-29,30.66767120361328,31.241746298017397,23323000
2020-01-30,31.120887756347656,30.196326197554512,23083200
2020-01-31,30.37761116027832,30.79456977958254,29988200
2020-02-03,30.764362335205078,30.516603861408772,18858200
2020-02-04,31.586191177368164,31.543891125259655,21559200
2020-02-05,32.02128219604492,32.22069641139133,26797700
2020-02-06,32.19651794433594,32.42614841522087,22155800
2020-02-07,31.483457565307617,31.95480457659481,14450900
2020-02-10,30.329261779785156,31.36259764334736,28244800
2020-02-11,31.4532470703125,30.909388265558547,27560600
2020-02-12,32.069618225097656,32.087746158106924,28539800
2020-02-13,31.507631301879883,31.55597553329249,20105600
2020-02-14,30.81873893737793,31.549928072649088,19896200
2020-02-17,32.27507400512695,31.24778228841856,28134200
2020-02-18,31.906465530395508,31.755393248239105,18054400
2020-02-19,31.912508010864258,31.98502205698213,14439700
2020-02-20,31.543886184692383,32.19047522871312,18818800
2020-02-21,30.293010711669922,30.818741539541165,32249900
2020-02-26,27.404512405395508,28.196132032591855,46923300
2020-02-27,26.87273597717285,26.981508195387846,42419000
2020-02-28,26.776050567626953,26.58267824208685,33228600
2020-03-02,28.01483917236328,27.12049170460971,48372500
2020-03-03,28.008790969848633,28.24446558878501,52401800
2020-03-04,29.35032081604004,29.005876220337925,31476600
2020-03-05,28.310941696166992,28.800416667350273,29092300
2020-03-06,26.95733642578125,26.709577993367276,39718600
2020-03-09,22.860258102416992,24.443494922717004,59037000
2020-03-10,27.078195571899414,25.31971437199948,63269800
2020-03-11,24.618736267089844,25.99047034613798,50025000
2020-03-12,21.361618041992188,21.7544068658079,62222000
2020-03-13,25.924001693725586,25.380140615604976,67635900
2020-03-16,23.59144401550293,21.76044670795392,59078300
2020-03-17,25.08403778076172,24.47370684652262,52743800
2020-03-18,23.35577392578125,23.446415904912797,59689100
2020-03-19,21.996124267578125,22.6608413586945,52645400
2020-03-20,21.264934539794922,22.902559902183075,50479900
2020-03-23,20.60625648498535,21.482476102626404,41958300
2020-03-24,22.745439529418945,22.274094806910878,37044800
2020-03-25,24.68520736694336,23.077798547307694,38064400
2020-03-26,25.38014030456543,24.781893125964416,36253000
2020-03-27,24.23198890686035,23.748558149363973,32331200
2020-03-30,25.241159439086914,24.727512250661633,31298300
2020-03-31,26.11737632751465,25.561429142178998,39238000
2020-04-01,26.20801544189453,25.26532599961084,37092100
2020-04-02,25.851486206054688,26.558505631119054,34372600
2020-04-03,24.473709106445312,25.863573607009904,31650000
2020-04-06,26.062986373901367,25.742711622143627,32019300
2020-04-07,26.455774307250977,27.307821789582867,34191900
2020-04-08,26.292617797851562,26.28657592111441,29464500
2020-04-09,26.153629302978516,26.558504164500704,29827800
2020-04-13,26.93316650390625,26.10529103620884,22066800
2020-04-14,26.90898895263672,27.567664067579603,24713600
2020-04-15,26.099241256713867,26.286571677845938,28808700
2020-04-16,25.839397430419922,26.467858563234767,24442900
2020-04-17,26.58871841430664,26.528290430891502,23604600
2020-04-20,25.658119201660156,26.14155010670799,29050700
2020-04-22,25.924001693725586,25.742713130898828,22693600
2020-04-23,26.292617797851562,26.15967576301429,27171100
2020-04-24,26.44369125366211,26.20801886233331,55165900
2020-04-27,26.92107582092285,26.86668971602484,25580600
2020-04-28,26.95733642578125,27.31386707780916,25680000
2020-04-29,28.238422393798828,27.404502996258287,33207500
2020-04-30,27.108407974243164,27.622052760254196,25720300
2020-05-04,26.546417236328125,26.407431036238098,16994300
2020-05-05,26.40743637084961,26.860653234290346,19070600
2020-05-06,26.788131713867188,26.703529319924833,26602700
2020-05-07,27.82750701904297,27.573706754375326,42194300
2020-05-08,29.519519805908203,28.70373049291825,33922800
2020-05-11,28.842714309692383,29.13277275926883,24783100
2020-05-12,28.67955780029297,29.26571891727899,21806900
2020-05-13,29.332189559936523,29.108600962990913,34159500
2020-05-14,29.06026268005371,28.97566257555544,35513400
2020-05-15,29.036087036132812,29.422831641251786,35196100
2020-05-18,30.97585105895996,30.419906322539738,41936200
2020-05-19,31.60431671142578,31.000027664151176,27704400
2020-05-20,31.725173950195312,32.250904758776805,27014500
2020-05-21,30.897300720214844,31.598275947521177,41802300
2020-05-22,30.37761116027832,30.67975568866162,23933600
2020-05-25,30.274885177612305,31.066504785732377,21162000
2020-05-26,29.73102378845215,30.444085101450913,28917800
2020-05-27,30.601200103759766,30.117769277709062,31932100
2020-05-28,30.268840789794922,30.81874377274853,23530900
2020-05-29,32.027320861816406,31.060459267305223,92646300
2020-06-01,32.2811279296875,31.918555332072177,27152300
2020-06-02,32.2811279296875,32.51075847094006,25602700
2020-06-03,32.426143646240234,32.57117400262177,31584300
2020-06-04,33.63473129272461,32.46241126583828,37638600
2020-06-05,33.000221252441406,34.075854888943105,39799100
2020-06-08,33.10295867919922,33.22381696943151,27456500
2020-06-09,33.2298583984375,32.7282973423448,19860000
2020-06-10,32.752471923828125,33.18151666096464,24321300
2020-06-12,32.26903533935547,32.45636346459022,31223700
2020-06-15,32.55910110473633,31.725181405206158,27425600
2020-06-16,33.4715690612793,33.53199934749257,29329400
2020-06-17,33.96104431152344,33.53199964886184,27840000
2020-06-18,33.94291305541992,34.02147127325848,25770000
2020-06-19,33.33863067626953,34.039608290148685,38079900
2020-06-22,33.23589324951172,33.23589324951172,14891400
2020-06-23,33.592430114746094,33.556171940010806,18272700
2020-06-24,33.4715690612793,33.99125799681491,18156600
2020-06-25,33.84019088745117,33.538046325956074,17051900
2020-06-26,33.610557556152344,33.77976006392005,21655500
2020-06-29,33.616600036621094,33.50178364337827,15453400
2020-06-30,33.791847229003906,33.50178872162989,27462900
2020-07-01,32.957923889160156,33.88852953843028,28999400
2020-07-02,33.53199768066406,33.145250783662874,24148500
2020-07-03,33.393009185791016,33.356753321040735,7831800
2020-07-06,34.18463134765625,33.894572880502075,23609900
2020-07-07,34.063777923583984,34.28736656345457,13598400
2020-07-08,34.637840270996094,34.38404003429874,32634600
2020-07-09,34.09398651123047,34.75870583796626,19741600
2020-07-10,34.42634963989258,34.154419092740994,14728100
2020-07-13,34.83726501464844,34.88560694045461,28780200
2020-07-14,37.284637451171875,35.000423115047994,52234500
2020-07-15,37.33902359008789,37.64721001307673,29833100
2020-07-16,36.329856872558594,37.042918132675744,22788400
2020-07-17,36.88580322265625,36.55948659075186,18896400
2020-07-20,36.74077606201172,36.93414838561336,16491500
2020-07-21,36.076053619384766,36.52322618672839,29043600
2020-07-22,35.79808807373047,36.21504673189776,19644700
2020-07-23,35.562408447265625,36.19691377208576,17291900
2020-07-24,35.411338806152344,35.393210871594086,22544100
2020-07-27,37.08522033691406,35.713483843411794,35124800
2020-07-28,36.462799072265625,36.68034348539038,21707500
2020-07-29,38.03998947143555,36.98852569499466,29486600
2020-07-30,37.02479553222656,37.647212602848235,32210700
2020-07-31,36.6863899230957,36.922062298226265,26318800
2020-08-03,36.41445541381836,37.38131923112723,35910500
2020-08-04,36.68034362792969,36.4144549863308,182535800
2020-08-05,37.58073806762695,37.40549598164328,36999600
2020-08-06,37.363197326660156,37.84058397863626,22468400
2020-08-07,36.529273986816406,37.0973048710002,28427400
2020-08-10,37.5867805480957,36.68034694471002,29341400
2020-08-11,36.426544189453125,37.943311037205994,23822800
2020-08-12,37.16377639770508,36.789117833942775,29627900
2020-08-13,36.468841552734375,37.10334686992777,24906200
2020-08-14,37.07313537597656,36.46884627576387,17848800
2020-08-17,37.604915618896484,37.33298502523977,42786400
2020-08-18,38.10646057128906,38.251488622886924,32205700
2020-08-19,37.70158767700195,38.31796269006759,23537900
2020-08-20,38.03998947143555,37.35714231952382,25866600
2020-08-21,37.5867805480957,37.71368069932653,27242700
2020-08-24,38.04603576660156,38.033949709700515,17944700
2020-08-25,37.23629379272461,37.94935511698072,23543000
2020-08-26,37.31484603881836,37.26045993619022,23924400
2020-08-27,36.73473358154297,37.27859236828977,18201900
2020-08-28,36.92206573486328,36.97040997281546,15040300
2020-08-31,36.06397247314453,36.92206186012327,31080000
2020-09-01,37.32088851928711,36.43258523554078,24197700
2020-09-02,37.05500030517578,37.40548902229409,21797200
2020-09-03,35.84642791748047,36.2573446748768,36117400
2020-09-04,36.553443908691406,36.08209690460712,26636700
2020-09-08,35.81621170043945,36.009584008949346,14663800
2020-09-09,36.25733947753906,36.196911500481654,16481700
2020-09-10,35.36903381347656,36.257339365591,19431400
2020-09-11,37.435707092285156,36.28755697571165,46057000
2020-09-14,37.411537170410156,37.94935408737897,35710200
2020-09-15,37.828495025634766,37.89496719245472,32570600
2020-09-16,36.84349822998047,37.65928739507675,28843500
2020-09-17,37.51426315307617,36.49905742358656,31397500
2020-09-18,37.26046371459961,37.755980564268604,33143800
2020-09-21,36.25733947753906,36.891842457360084,53120800
2020-09-22,36.39427947998047,36.602029691878926,23996200
2020-09-23,37.20640182495117,36.30614518640878,37365600
2020-09-24,36.92939376831055,37.5778293394063,31607500
2020-09-25,37.30083465576172,36.734238738348346,27582200
2020-09-28,37.00494384765625,37.73522166508101,30265400
2020-09-29,36.73423767089844,36.9734673181371,26201600
2020-09-30,37.21269226074219,37.27564628553644,25947500
2020-10-01,37.05530548095703,37.47710273825411,22852700
2020-10-02,36.71535110473633,36.89792115771982,23668800
2020-10-05,37.51487350463867,37.08048499762274,17887200
2020-10-06,36.90420913696289,37.77928298736406,21951600
2020-10-07,37.8800163269043,37.23158069845526,27276500
2020-10-08,38.58510208129883,37.993323820301256,22207400
2020-10-09,38.7802734375,38.83693302537712,21120900
2020-10-13,39.12023162841797,38.57252387067573,18602200
2020-10-14,39.661643981933594,39.08245922255677,22210600
2020-10-15,39.327980041503906,39.290206185810916,16309700
2020-10-16,39.18318557739258,39.472777945744944,15871000
2020-10-19,39.000614166259766,39.49166228679037,29156200
2020-10-20,38.931365966796875,38.89359210818854,25276800
2020-10-21,39.567203521728516,38.811745691509124,21480900
2020-10-22,39.72460174560547,39.730898590105774,32097700
2020-10-23,39.94493865966797,39.42241112885261,24263400
2020-10-26,39.346866607666016,39.59868751457194,18250900
2020-10-27,39.365753173828125,39.34686744594758,18155500
2020-10-28,37.93667221069336,39.000612974727375,23686100
2020-10-29,39.04468536376953,38.38365844437848,37998800
2020-10-30,38.1192512512207,38.90618873535632,27476200
2020-11-03,39.87569046020508,38.96913947562283,32900800
2020-11-04,38.76768112182617,39.83791395128178,27932100
2020-11-05,39.37834548950195,39.22095801560183,25563600
2020-11-06,39.781253814697266,39.27131997757128,26452500
2020-11-09,39.781253814697266,40.385623490669715,37728900
2020-11-10,39.76237106323242,39.8127362073081,53960600
2020-11-11,40.039371490478516,39.77496169307003,25908500
2020-11-12,39.45389175415039,40.020487634445026,23726500
2020-11-13,39.819026947021484,39.49166074559611,25079300
2020-11-16,40.87037658691406,39.97641692033346,91477900
2020-11-17,42.16095733642578,40.79483521378287,62475900
2020-11-18,41.833587646484375,42.17354515839352,22854400
2020-11-19,42.633121490478516,41.99727472433297,25928500
2020-11-23,44.88060760498047,43.319321925471826,38662400
2020-11-24,47.09033203125,44.72952002707138,49842200
2020-11-25,47.53102493286133,46.460791855607184,36269100
2020-11-26,48.20463180541992,47.48064851755776,20359000
2020-11-27,49.38188934326172,48.475336066842985,48966700
2020-11-30,49.104896545410156,49.64001304714699,48594200
2020-12-01,51.15092468261719,50.25696505936579,61441200
2020-12-02,50.26326370239258,50.93058988893542,53703300
2020-12-03,49.70925521850586,50.993537479546,35158600
2020-12-04,51.61050796508789,50.426950963310915,48656900
2020-12-07,52.22116470336914,51.88750400940292,27398500
2020-12-08,52.18968963623047,52.23375793876682,28598800
2020-12-09,52.06377410888672,52.315595026118466,26938500
2020-12-10,53.51173400878906,52.6618427233839,41230700
2020-12-11,53.42360305786133,53.27251243192991,25136800
2020-12-14,52.5988883972168,53.63764173829695,20931700
2020-12-15,53.196964263916016,52.5988938058513,18762800
2020-12-16,54.2797966003418,53.44879087158791,23038300
2020-12-17,54.89674758911133,54.45606459455104,21367800
2020-12-18,55.274478912353516,55.161159746899834,23843100
2020-12-21,54.68270492553711,54.235725071049366,31877300
2020-12-22,54.733062744140625,54.68269760593266,23157000
2020-12-23,54.99747848510742,54.47495092641804,17710200
2020-12-28,54.965999603271484,55.26818566517207,26001300
2020-12-29,54.814910888671875,55.381506772600126,19727500
2020-12-30,55.054134368896484,54.89045486044559,30102700
2021-01-04,57.578636169433594,56.25028542947234,37865500
2021-01-05,58.54814529418945,57.57863779574344,34300300
2021-01-06,60.4682731628418,59.794654924683876,53722500
2021-01-07,64.41553497314453,60.82080621220341,74541400
2021-01-08,64.2140884399414,64.84993517033782,58562700
2021-01-11,64.20150756835938,63.11238401513968,29267000
2021-01-12,62.44505310058594,64.52886163190738,28598500
2021-01-13,60.575294494628906,62.24360275491597,31658800
2021-01-14,61.569984436035156,61.20484432768557,20809900
2021-01-15,58.8943977355957,60.80193325056035,31712400
2021-01-18,59.37284851074219,59.11473555378596,22667600
2021-01-19,59.2154655456543,59.49246905496085,27155400
2021-01-20,58.12003707885742,59.807230727287404,20480000
2021-01-21,58.7747802734375,58.107458902513905,25983400
2021-01-22,58.655155181884766,57.912286207161245,25814300
2021-01-26,57.76120376586914,58.541844302963796,24921600
2021-01-27,56.15584945678711,56.90501537875002,32419700
2021-01-28,57.35200500488281,55.52630901353083,35900800
2021-01-29,55.36891174316406,56.653194114592445,31481600
2021-02-01,57.45901107788086,56.6657817474418,27135500
2021-02-02,55.18635177612305,56.77281556130566,34426700
2021-02-03,56.93020248413086,55.93551240491284,34346400
2021-02-04,56.21250534057617,57.88710540398476,29939700
2021-02-05,58.35297775268555,56.78539515133092,27114800
2021-02-08,59.18399429321289,58.529261745070706,28164400
2021-02-09,59.33507537841797,59.55541687278727,32303400
2021-02-10,59.618377685546875,59.5931999145396,40318300
2021-02-11,58.611083984375,60.103118702954845,19775900
2021-02-12,59.10844039916992,58.62368908401261,14760700
2021-02-17,60.657127380371094,60.44308273581586,29262900
2021-02-18,61.318153381347656,61.29297081219699,33088500
2021-02-19,61.551082611083984,61.198536255612126,24966600
2021-02-22,60.0275764465332,60.75155972511775,50160600
2021-02-23,61.03486633300781,60.808227964526594,35756200
2021-02-24,61.65180969238281,61.14816795086745,21856100
2021-02-25,60.25421905517578,62.136571870779406,24471000
2021-02-26,59.505043029785156,60.783033116434005,42856000
2021-03-01,62.05473327636719,60.43679023004053,32798000
2021-03-02,63.962257385253906,61.38110421970855,47565800
2021-03-03,63.175331115722656,64.21408940494904,41473300
2021-03-04,62.237300872802734,62.57725838083198,48492500
2021-03-05,65.92926788330078,62.31733750563356,46503300
2021-03-08,65.57398223876953,65.26476329360264,39677300
2021-03-09,64.91607666015625,64.14632200081745,40537000
2021-03-10,63.91604995727539,64.14631778646256,31311800
2021-03-11,65.59371948242188,65.12660331185818,26203200
2021-03-12,64.08052825927734,65.13318478730086,21115500
2021-03-15,63.69895553588867,63.48842417463734,20059000
2021-03-16,63.494998931884766,63.84369099675337,19174300
2021-03-17,64.40948486328125,63.422618409868754,21424300
2021-03-18,63.26472091674805,64.277899387531,19156100
2021-03-19,62.35679626464844,63.2252384792471,38643000
2021-03-22,61.323875427246094,61.52782620347907,21120800
2021-03-23,59.90937423706055,61.409410518535786,20518500
2021-03-24,61.28440856933594,60.527809941178724,24726000
2021-03-25,60.817291259765625,61.2120368351908,23644400
2021-03-26,62.85023880004883,61.672577474488534,26712800
2021-03-29,64.46212005615234,63.15945410663943,25960500
2021-03-30,63.86341857910156,64.41606641200042,18118600
2021-03-31,64.4555435180664,63.92921269358271,18792000
2021-04-01,64.0739517211914,64.80423333084217,17193400
2021-04-05,68.02141571044922,65.67925423167148,35908700
2021-04-06,67.13983154296875,68.29117599849614,22227800
2021-04-07,68.79117584228516,67.35035409664225,32822700
2021-04-08,68.75169372558594,69.04117614750051,25936300
2021-04-09,67.76483154296875,68.42274252882281,18854800
2021-04-12,68.02799987792969,67.69904437080184,14787500
2021-04-13,68.14643096923828,68.35696231436303,17605600
2021-04-14,70.39647674560547,68.40300722592336,38030200
2021-04-15,71.19255828857422,71.48862129009517,19378200
2021-04-16,71.49519348144531,71.47545695281573,17401500
2021-04-19,70.87674713134766,71.7122918089993,23297500
2021-04-20,69.84383392333984,71.02149019206486,20895800
2021-04-22,69.88988494873047,70.55437141819273,19799100
2021-04-23,71.04779815673828,70.49515539863638,12795400
2021-04-26,71.42939758300781,72.33731296253185,16807500
2021-04-27,72.44916534423828,71.63335204273712,24113300
2021-04-28,73.63339233398438,72.73863304024931,20570600
2021-04-29,73.65313720703125,73.8110394669717,19724300
2021-04-30,71.72545623779297,73.02154173306737,36888200
2021-05-03,71.35702514648438,72.17283336604443,19641000
2021-05-04,72.43600463867188,71.67940593733198,20775600
2021-05-05,72.83733367919922,73.67945904246905,25990600
2021-05-06,75.69266510009766,73.64656141981754,38194400
2021-05-07,75.95582580566406,76.67295143281943,21678700
2021-05-10,75.455810546875,78.81773599583548,38889400
2021-05-11,78.1072006225586,74.98870365246773,28693600
2021-05-12,75.21896362304688,77.63349571738262,31737900
2021-05-13,74.00841522216797,73.68604020173505,34338500
2021-05-14,72.73863983154297,73.15970247738261,25644200
2021-05-17,74.6465835571289,73.35707856319658,26097500
2021-05-18,75.3966064453125,75.37028940058629,27081500
2021-05-19,73.85052490234375,73.7518372282029,32914300
2021-05-20,73.10049438476562,73.48865948014938,20951000
2021-05-21,71.9754638671875,73.10049106646291,27775000
2021-05-24,72.22547149658203,71.05439067559826,19332500
2021-05-25,70.42937469482422,72.55442441806002,23310100
2021-05-26,72.50177764892578,69.9819827696586,28241800
2021-05-27,73.02153778076172,72.89653810862468,55448700
2021-05-28,73.4162826538086,73.10048819944797,25153500
2021-05-31,75.51502227783203,74.01498603072336,17812600
2021-06-01,74.47550964355469,76.97557299652566,31468400
2021-06-02,75.52820587158203,75.1466161804908,20338300
2021-06-04,74.27815246582031,75.33080905571951,18455100
2021-06-07,73.5544662475586,73.81762668365062,22746100
2021-06-08,72.31756591796875,74.00182125836766,22676500
2021-06-09,73.81761932373047,72.37021699168206,22517600
2021-06-10,73.57418060302734,73.83076546450677,30750900
2021-06-11,75.22554779052734,74.57421725004494,18359200
2021-06-14,74.81763458251953,75.60055022495473,19212700
2021-06-15,73.35707092285156,74.85052657074445,20587900
2021-06-16,71.153076171875,73.35707703402724,38217700
2021-06-17,69.67277526855469,70.84385603476173,33680600
2021-06-18,71.77151489257812,70.40306370702174,59819400
2021-06-21,72.44258117675781,70.88991080308678,22673600
2021-06-22,73.29130554199219,72.82418921235254,18576100
2021-06-23,74.38998413085938,73.95576555358335,29491400
2021-06-24,74.49042510986328,74.95335022696938,23136700
2021-06-25,75.4095458984375,74.87282111168088,26139200
2021-06-28,74.20191955566406,75.97310423053123,18866400
2021-06-29,75.48335266113281,74.20192454564413,19589500
2021-06-30,75.97982788085938,75.02714605774591,18903100
2021-07-01,74.65814208984375,76.08716984808868,22129200
2021-07-02,76.20122528076172,75.14119645939137,19688800
2021-07-05,75.92615509033203,76.41591694410762,13732900
2021-07-06,76.32869720458984,76.14755549216169,19028000
2021-07-07,76.55007934570312,77.02642016059004,21460000
2021-07-08,76.25489044189453,75.15460404798559,21824500
2021-07-12,77.20086669921875,77.36188210843146,22333300
2021-07-13,77.65707397460938,77.22098571042979,12698500
2021-07-14,77.23441314697266,77.99924273129108,19483600
2021-07-15,77.47594451904297,77.14719809283216,18236100
2021-07-16,76.0804672241211,77.38201669258859,19576800
2021-07-19,75.24853515625,75.14118814483551,18644300
2021-07-20,75.87918853759766,75.24854269739173,13066600
2021-07-21,76.75135803222656,75.65107675033282,19607100
2021-07-22,76.95262908935547,76.26830977431925,12083800
2021-07-23,76.5634994506836,76.22804774367347,13163300
2021-07-26,78.22734069824219,76.77819191805985,16419900
2021-07-27,76.603759765625,77.62353080590181,22106500
2021-07-28,78.69698333740234,77.48935497861233,25209200
2021-07-29,77.53631591796875,78.07304075590444,30576800
2021-07-30,72.96746826171875,76.15425998142676,41956700
2021-08-02,73.08152770996094,74.40320859122531,23109400
2021-08-03,75.5705795288086,73.65179486307575,36641400
2021-08-04,75.49005889892578,75.1411913341955,18828200
2021-08-05,73.18215942382812,73.55786376854785,32215200
2021-08-06,73.59810638427734,73.69874292544924,19273100
2021-08-09,73.13519287109375,72.59175754874528,21502300
2021-08-10,73.83963775634766,73.09493446000197,17440500
2021-08-11,73.30961608886719,73.92685113918148,14680600
2021-08-12,73.26266479492188,73.26266479492188,14849500
2021-08-13,72.65885162353516,73.59811243546605,11855200
2021-08-16,72.99430084228516,71.94768793039606,21856700
2021-08-17,71.78666687011719,72.53137008545303,23402600
2021-08-18,69.37812042236328,70.9413213950117,35379200
2021-08-19,65.4197998046875,66.19133983083759,60456900
2021-08-20,65.44664001464844,65.47347165092371,31351100
2021-08-23,64.54090881347656,65.45333790041508,19773500
2021-08-24,66.89579010009766,66.67439070760364,29779200
2021-08-25,66.7549057006836,67.15073635294127,15088600
2021-08-26,65.9028549194336,66.74818966793771,18032300
2021-08-27,67.55326843261719,66.4261504583331,19572800
2021-08-30,67.1239013671875,67.6404948419075,13031600
2021-08-31,66.20475006103516,66.41943895189375,20433600
2021-09-01,66.31880950927734,65.31916473414434,20847500
2021-09-02,66.11083221435547,66.26513715460392,24448600
2021-09-03,66.15778350830078,67.1976858072633,38716500
2021-09-06,65.11788940429688,65.00383704243038,11916100
2021-09-08,63.762664794921875,64.72205693756928,22635100
2021-09-09,63.53456115722656,63.84318128010685,28997700
2021-09-10,63.60836410522461,64.0779996626153,18022000
2021-09-13,63.57481384277344,63.53455615419222,18832800
2021-09-14,63.125308990478516,63.836470193875485,25571600
2021-09-15,61.54869079589844,62.9844239962902,35084400
2021-09-16,58.99253463745117,60.66979309397079,39726500
2021-09-17,57.798336029052734,59.23406907181667,74648800
2021-09-20,55.51726150512695,55.55080872567672,49636100
2021-09-21,56.4364013671875,56.825521487096964,32380300
2021-09-22,58.442405700683594,59.10659874846041,62161000
2021-09-23,58.44036102294922,58.655128625906144,47485400
2021-09-24,57.536827087402344,57.981182955253516,26631600
2021-09-27,58.35888671875,58.21076433248732,38386300
2021-09-28,55.43354034423828,57.381309011559445,35896000
2021-09-29,56.13711166381836,56.11488906424683,39704900
2021-09-30,56.46296310424805,57.32205604508874,39151000
2021-10-01,56.433345794677734,56.8406753701508,23191700
2021-10-04,55.90751647949219,56.72216987145972,25090000
2021-10-05,55.507598876953125,56.27781843667667,21889400
2021-10-06,57.07025909423828,54.848473697054324,27318400
2021-10-07,58.77362823486328,58.01821806038589,33115300
2021-10-08,59.136512756347656,60.32887122160974,37172600
2021-10-11,60.4473762512207,60.65474198256711,28327900
2021-10-13,58.65512466430664,59.84008124361928,32052800
2021-10-14,58.65512466430664,59.240195421512034,24030000
2021-10-15,59.75121307373047,58.86990309398617,26927200
2021-10-18,59.1883544921875,59.18095260996612,20912800
2021-10-19,58.50701904296875,59.04024847500215,20804500
2021-10-20,56.78141784667969,58.04043274911068,27576600
2021-10-21,55.66312789916992,55.17433244323735,37556500
2021-10-22,56.344478607177734,55.30023676617222,35142600
2021-10-25,57.02581787109375,57.173934618434444,17950000
2021-10-26,56.41853713989258,57.033232452887425,16674100
2021-10-27,55.13729476928711,56.27040985072309,20087300
2021-10-28,54.58185577392578,55.13730209041875,22719000
2021-10-29,53.03401184082031,54.07824792037844,30268500
2021-11-01,53.55983352661133,53.322843337788385,19649600
2021-11-03,49.49396896362305,52.28600983946492,77316900
2021-11-04,48.931114196777344,49.53840190517898,30122100
2021-11-05,47.479549407958984,49.197729708819416,35954600
2021-11-08,50.06421661376953,47.69431507536153,27722000
2021-11-09,48.834835052490234,49.80501267342582,20961500
2021-11-10,48.64969253540039,47.84984849421093,22492600
2021-11-11,50.36787033081055,50.70113583921212,28795100
2021-11-12,50.5826416015625,49.75317315365931,24542500
2021-11-16,49.12367248535156,50.36046489961014,17207900
2021-11-17,48.1386833190918,49.61246604170211,25487600
2021-11-18,46.161285400390625,47.55360189674182,51343900
2021-11-19,47.4202995300293,46.857448542421956,26849500
2021-11-22,50.056819915771484,48.546010889494205,44693500
2021-11-23,51.37507629394531,52.29341249595199,30391600
2021-11-24,52.567440032958984,51.92312029434921,20764100
2021-11-25,52.21194839477539,52.79701913283693,17199200
2021-11-26,50.83444595336914,49.99016801229595,22664200
2021-11-29,51.47135543823242,52.04901866716158,18164000
2021-11-30,51.804622650146484,51.10105959697162,42668700
2021-12-01,52.01198959350586,52.804426021415516,28194700
2021-12-02,54.42633056640625,52.56003346056046,24888400
2021-12-03,53.2265625,54.130083616680004,34451500
2021-12-06,56.11488723754883,53.96716600618341,28848800
2021-12-07,56.52962875366211,57.973787025777554,37125100
2021-12-08,56.107479095458984,57.01840778638359,24281000
2021-12-09,55.67793273925781,55.463159509628774,16925200
2021-12-10,56.02602005004883,55.914929655773626,16827100
2021-12-13,57.66273880004883,57.39612409416864,31699100
2021-12-14,57.65531539916992,58.15151265677488,21063500
2021-12-15,57.3294677734375,57.82566512026199,22112200
2021-12-16,59.57347106933594,58.50701232767471,30125700
2021-12-17,58.632911682128906,59.17354858177121,38744500
2021-12-20,57.97377014160156,57.766404465515485,19195400
2021-12-21,59.49940490722656,59.099488543729706,19590300
2021-12-22,59.1883544921875,59.166137544939794,18655600
2021-12-23,58.61810302734375,59.21057571446254,13121200
2021-12-27,58.46997833251953,58.410735021327724,11371400
2021-12-28,57.06284713745117,58.14411516182903,18923700
2021-12-29,57.21097183227539,56.5666520571465,12113500
2021-12-30,57.736793518066406,57.75901046709665,26568500
2022-01-03,57.766414642333984,58.50700970185109,18557200
2022-01-04,57.085060119628906,58.144111124466306,18178700
2022-01-05,57.62569808959961,57.29984011512937,22039000
2022-01-06,58.7884407043457,58.2404018779311,22044100
2022-01-07,62.209983825683594,59.54384279178409,35213100
2022-01-10,61.469398498535156,61.091693383510396,25056700
2022-01-11,62.6395378112793,61.824884293658315,28418800
2022-01-12,63.320884704589844,64.05407231382424,27335400
2022-01-13,62.35810089111328,62.83208127064323,23154200
2022-01-14,62.72099685668945,62.00261875111793,21183400
2022-01-17,62.3951301574707,62.20998140329423,9688500
2022-01-18,63.92076110839844,62.63953475285947,24080200
2022-01-19,65.32789611816406,65.5278599685876,29332500
2022-01-20,64.21699523925781,65.76484181098284,22748800
2022-01-21,62.88392639160156,64.03925282446879,32752300
2022-01-24,62.113704681396484,61.987799237180475,29040100
2022-01-25,62.25442123413086,62.25442123413086,22490500
2022-01-26,62.43215560913086,63.61710638130781,25806800
2022-01-27,62.5728645324707,62.95056953174262,20994900
2022-01-28,61.95818328857422,63.380124398518475,28453000
2022-01-31,59.89192199707031,61.42495348026278,31397700
2022-02-01,63.18016815185547,60.35850254056788,24131300
2022-02-02,63.5356559753418,63.320882712667256,17489000
2022-02-03,63.506019592285156,63.913349091769106,19179400
2022-02-04,65.17236328125,63.5060244473544,24535400
2022-02-07,66.74983215332031,65.28345706727745,24915800
2022-02-08,67.68299102783203,66.98682977131882,26598600
2022-02-09,67.69779968261719,66.65355789676106,24815300
2022-02-10,69.5196533203125,68.4680041467216,47888900
2022-02-11,68.11253356933594,69.14196032623667,34555300
2022-02-14,67.8162841796875,67.47561115643798,22804400
2022-02-15,65.80186462402344,65.9277644179613,29624900
2022-02-16,66.28325653076172,66.2388226361529,20774700
2022-02-17,63.43198013305664,65.80188251753482,36259300
2022-02-18,63.56528091430664,64.01704439243424,22690600
2022-02-21,63.617122650146484,64.13553697983234,14561000
2022-02-22,64.72059631347656,64.202182075872,23591200
2022-02-23,64.03925323486328,65.23901356890123,24413800
2022-02-24,64.8316879272461,62.66915185165401,37212500
2022-02-25,68.34210205078125,64.07627349622673,51028300
2022-03-02,73.80030059814453,73.29669571946553,42191500
2022-03-03,73.83732604980469,74.20762358395676,38621400
2022-03-04,75.51848602294922,73.08192737648038,30533200
2022-03-07,77.81432342529297,77.34775056741823,55305300
2022-03-08,74.40017700195312,79.23626170660964,53060200
2022-03-09,72.43848419189453,73.66899126451911,41051200
2022-03-10,74.83028411865234,72.67689236814361,33107000
2022-03-11,74.43805694580078,74.93025976180763,24321500
2022-03-14,70.44658660888672,73.0460386905675,37172800
2022-03-15,68.42395782470703,68.43933659781077,47128500
2022-03-16,70.08513641357422,70.66962950034782,37906100
2022-03-17,72.52308654785156,71.44639059299871,40663500
2022-03-18,73.89971160888672,73.37675121184719,46080900
2022-03-21,75.9915771484375,74.85336024440458,25374600
2022-03-22,74.29193878173828,75.76086090782238,29489800
2022-03-23,74.17656707763672,74.98409039816345,26309600
2022-03-24,74.53034973144531,73.98430652954121,23122800
2022-03-25,73.23831176757812,75.13790385334285,22505500
2022-03-28,73.32291412353516,73.59977897408201,16274200
2022-03-29,72.69226837158203,73.32290358103799,38228800
2022-03-30,73.73052215576172,74.07660027208449,22007500
2022-03-31,73.52286529541016,74.15350052623768,17981400
2022-04-01,74.56879425048828,74.43036184693614,22457700
2022-04-04,75.32249450683594,74.42268081353792,16914000
2022-04-05,73.1460189819336,74.87642106008728,25764400
2022-04-06,74.25347900390625,73.31521559465854,22615800
2022-04-07,74.69953918457031,73.44596101978608,19946600
2022-04-08,73.17679595947266,74.32270523859609,26887400
2022-04-11,72.29235076904297,72.14622605477578,16515800
2022-04-12,71.80784606933594,73.13832977126859,16822600
2022-04-13,71.83092498779297,71.90013826499411,23674700
2022-04-14,70.82344818115234,71.76171180012763,24980700
2022-04-18,69.65445709228516,70.45428815544763,14812600
2022-04-19,67.43185424804688,68.97768192387724,34550900
2022-04-20,65.67839050292969,66.60896182562574,29635700
2022-04-22,61.87150192260742,64.0248941012497,39058200
2022-04-25,60.81787109375,59.9411344432538,38943700
2022-04-26,59.98727035522461,60.81786473757865,37069400
2022-04-27,63.19429397583008,61.87918886142586,49408800
2022-04-28,64.75548553466797,65.38612069263908,56032800
2022-04-29,64.05564880371094,66.27825396533181,47492200
2022-05-02,63.771095275878906,63.95567575717747,31473600
2022-05-03,63.448081970214844,63.79416007031686,27364600
2022-05-04,62.91741943359375,63.00970965930214,34032200
2022-05-05,61.77920913696289,62.71747266046789,30906600
2022-05-06,61.340843200683594,60.91016128609078,25204100
2022-05-09,58.825984954833984,59.625816042799066,37050200
2022-05-10,58.095367431640625,58.65678349598955,31905000
2022-05-11,60.51793670654297,59.50276761891318,33933400
2022-05-12,59.910377502441406,59.25667110367867,27737200
2022-05-13,59.84115219116211,60.31028392880625,26086800
2022-05-16,61.633079528808594,60.510241490742494,23828800
2022-05-17,61.37160110473633,62.94818627411551,29305300
2022-05-18,59.81808090209961,60.53331405158624,30631700
2022-05-19,61.41005325317383,59.81808338564268,29984300
2022-05-20,62.49443054199219,63.07123120251785,38372000
2022-05-23,63.771095275878906,63.294277034660574,27632800
2022-05-24,64.6324462890625,62.925115159890204,35176800
2022-05-25,64.8323974609375,64.60167484662021,24607700
2022-05-26,64.79393005371094,64.72471680240677,27450600
2022-05-27,65.92448425292969,65.2938489729597,19834500
2022-05-30,66.63971710205078,66.35515994192373,16147900
2022-05-31,66.30132293701172,67.0780829243964,41369800
2022-06-01,67.86253356933594,66.28594827315435,26258900
2022-06-02,69.1391830444336,69.21608863608068,25142400
2022-06-03,68.03172302246094,68.83155407559828,18431900
2022-06-06,68.10093688964844,68.93921773954575,14932800
2022-06-07,69.69290924072266,67.86252456556235,27004800
2022-06-08,67.29342651367188,69.04690000288188,26959100
2022-06-09,65.01697540283203,66.90888098875652,36291100
2022-06-10,65.03235626220703,64.11716978161022,28689500
2022-06-13,62.97126388549805,63.14045972561454,31050500
2022-06-14,62.84820556640625,63.31733727446227,22634500
2022-06-15,62.80976486206055,63.14046424572938,33610300
2022-06-17,59.53352737426758,61.02551456950097,56914600
2022-06-20,58.064605712890625,58.14151130192019,26725700
2022-06-21,58.44913864135742,59.06439507932718,20981000
2022-06-22,57.949241638183594,56.9110015668863,32228300
2022-06-23,55.83430862426758,58.78753136716113,31943300
2022-06-24,57.387821197509766,55.97273389128335,22394300
2022-06-27,60.02573013305664,58.8336729741539,28825700
2022-06-28,61.102420806884766,61.525410350049505,26052000
2022-06-29,60.5948371887207,61.2254723889404,18636600
2022-06-30,58.87982177734375,59.21052112609407,27471300
2022-07-01,57.75698471069336,58.07999174551577,26721000
2022-07-04,57.4262809753418,56.91100704945037,12474200
2022-07-05,57.14173126220703,57.172488806145516,26472200
2022-07-06,57.6800651550293,57.41089269114309,23138800
2022-07-07,59.35663604736328,59.418162861955906,34251200
2022-07-08,57.987701416015625,59.087468379453725,24149200
2022-07-11,56.011199951171875,57.02636904335167,22076800
2022-07-12,56.18038558959961,55.37286233356067,22460000
2022-07-13,55.988128662109375,56.103484118467364,22980800
2022-07-14,52.258140563964844,54.21926527187031,57715800
2022-07-15,52.58116149902344,51.91207047832854,36589000
2022-07-18,52.85801696777344,54.134666090107956,22131300
2022-07-19,52.9733772277832,52.458103314300246,21785500
2022-07-20,51.82746505737305,52.65036715408119,40427400
2022-07-21,52.7349739074707,51.76594692667451,26987300
2022-07-22,53.227169036865234,53.68092198173637,27884000
2022-07-25,54.21157455444336,54.342320508347335,19833200
2022-07-26,54.11160659790039,54.84991092340783,19791500
2022-07-27,54.23464584350586,53.811662174087964,21666900
2022-07-28,54.365394592285156,54.957574106916496,21778700
2022-07-29,53.6424674987793,53.580940679823115,77006600
2022-08-01,52.35813522338867,53.01953397541462,38874000
2022-08-02,54.02700424194336,52.55039571214789,32636900
2022-08-03,51.92745590209961,53.88088884181945,31934600
2022-08-04,51.62751007080078,52.042807312649096,40540800
2022-08-05,52.29659652709961,52.21199862213946,36129300
2022-08-08,52.74266052246094,52.93492743378442,35705300
2022-08-09,53.834739685058594,52.750351397849485,35174600
2022-08-10,53.873191833496094,54.39615807606004,30202200
2022-08-11,55.74971389770508,54.44999352200138,51158600
2022-08-12,56.463233947753906,55.638123097529956,35608400
2022-08-15,55.24984359741211,55.00716247079774,26735800
2022-08-16,56.47941970825195,56.22056268806452,22070200
2022-08-17,55.193214416503906,55.2660150456921,29131700
2022-08-18,54.780662536621094,55.24984274933373,27692000
2022-08-19,54.16587829589844,54.19823619243074,45903800
2022-08-22,53.373130798339844,54.036452240287794,19335700
2022-08-23,56.79489517211914,54.02026890359555,37223500
2022-08-24,54.96671676635742,56.447058147477975,28773800
2022-08-25,56.03450393676758,55.73520418427216,24956700
2022-08-26,55.193214416503906,56.341891824588444,28510100
2022-08-29,54.125431060791016,54.60269610883797,22128100
2022-08-30,52.556114196777344,53.34077625570373,34469300
2022-08-31,52.17591094970703,52.92012401229283,33242900
2022-09-01,51.68246841430664,51.755272140834144,40922200
2022-09-02,50.89780044555664,52.1678184603726,49910300
2022-09-05,52.758338928222656,52.13546027715973,24319700
2022-09-06,51.504493713378906,52.313422489797496,24525000
2022-09-08,52.18400192260742,51.90896290392883,24144700
2022-09-09,56.26100158691406,53.83421514040396,49273400
2022-09-12,56.75444793701172,56.697816995874405,24797600
2022-09-13,55.20939636230469,56.07495002177861,29457800
2022-09-14,54.1982307434082,54.80492735620755,31018300
2022-09-15,55.290283203125,54.8453760584028,36958800
2022-09-16,55.20939636230469,54.42473435694618,65178000
2022-09-19,56.99712371826172,54.546070389652975,34136800
2022-09-20,56.180110931396484,56.46324099023332,35289700
2022-09-21,55.371177673339844,56.18010652859178,44482000
2022-09-22,56.641197204589844,56.762537770365746,34529500
2022-09-23,55.4682502746582,55.581499818451114,44160700
2022-09-26,55.5895881652832,54.76447733254575,18503200
2022-09-27,54.764488220214844,54.715954457453215,31646600
2022-09-28,55.282196044921875,54.77257307832092,24371000
2022-09-29,55.35500717163086,54.950542704841695,34889700
2022-09-30,58.27523422241211,55.40353437923686,55575000
2022-10-03,59.860740661621094,59.24595294838906,42688100
2022-10-04,61.308719635009766,60.02251952587548,41717500
2022-10-05,62.255165100097656,61.713184238342826,42621400
2022-10-06,60.855712890625,62.44929735213623,76852200
2022-10-07,61.08222579956055,60.9608852246062,83593200
2022-10-10,59.85264205932617,61.810254507108844,45515900
2022-10-11,59.44818115234375,59.21359103856292,33885800
2022-10-13,58.388484954833984,58.445109727773946,32960000
2022-10-14,56.487510681152344,58.736332199431125,34091700
2022-10-17,57.3773193359375,56.79488961952971,25840500
2022-10-18,58.21051025390625,58.48554922939023,27494000
2022-10-19,57.52293395996094,57.94357426795941,22651000
2022-10-20,58.259056091308594,57.4177754745977,37240700
2022-10-21,59.965904235839844,58.08110436610327,36846800
2022-10-24,58.18626022338867,59.2702220652362,32035800
2022-10-25,58.18626022338867,57.92740320357149,28158100
2022-10-26,59.48053741455078,57.66044750016851,40845700
2022-10-27,57.36116027832031,58.242889955538416,52613000
2022-10-28,54.562255859375,55.48443437963883,52793500
2022-10-31,54.30339431762695,53.389306891129,39184100
2022-11-01,55.95360565185547,56.180104736639485,42670000
2022-11-03,54.31957244873047,54.715945849414524,34390300
2022-11-04,58.44511413574219,57.5552935631588,61191100
2022-11-07,58.13772201538086,58.24288055014015,29445500
2022-11-08,59.90119171142578,57.959760981046166,39756500
2022-11-09,59.17314529418945,59.94162521592239,42208500
2022-11-10,60.30564880371094,57.83841331933604,47658100
2022-11-11,66.5748519897461,63.08836417898739,80174100
2022-11-14,67.39186096191406,66.64764789621121,43822500
2022-11-16,66.68810272216797,67.39995795619558,32935300
2022-11-17,67.22199249267578,65.41808444444624,31790500
2022-11-18,65.38572692871094,68.23315404834132,44324400
2022-11-21,64.64958953857422,63.98626815585751,27745900
2022-11-22,64.82754516601562,64.67384673894142,27105100
2022-11-23,65.46660614013672,65.46660614013672,22415800
2022-11-24,65.88724517822266,65.9357851006423,12420900
2022-11-25,65.44234466552734,66.33216515894179,20477000
2022-11-28,65.76592254638672,65.19966860903244,16166300
2022-11-29,68.30595397949219,67.01975390042476,42574300
2022-11-30,69.33329772949219,68.75895893078454,59932800
2022-12-01,69.71349334716797,69.9076345564971,34319300
2022-12-02,70.21502685546875,70.18266896077697,30213600
2022-12-05,70.14222717285156,71.10485457987124,21896500
2022-12-06,71.16146850585938,70.36871555539501,21335700
2022-12-07,68.6295166015625,69.4950763445026,45441000
2022-12-08,69.47080993652344,69.16341918416113,29827900
2022-12-09,71.78434753417969,71.23427564545796,37713000
2022-12-12,69.64068603515625,71.30708376578717,34995000
2022-12-13,69.93453216552734,70.0075805814916,31559400
2022-12-14,70.52704620361328,69.60172924895112,34564000
2022-12-15,70.75432586669922,70.93289691623087,24782100
2022-12-16,69.54491424560547,70.6163342415649,37762100
2022-12-19,69.29329681396484,68.99297223488524,27508500
2022-12-20,69.60173034667969,69.29329342114177,22657300
2022-12-21,69.99945831298828,70.5351714388771,39183700
2022-12-22,69.60173034667969,70.03192080872856,19429200
2022-12-23,70.06438446044922,69.22023450398095,18656500
2022-12-26,70.70561981201172,70.14555724801683,18407500
2022-12-27,72.3939208984375,71.42801731895608,26720300
2022-12-28,72.23158264160156,72.39392276436885,23314500
2022-12-29,72.14229583740234,72.23969990932797,40110800
2023-01-02,72.56437683105469,71.97996476163433,12783800
2023-01-03,72.43450164794922,72.56437374346889,25332600
2023-01-04,72.56437683105469,72.48320986422245,26395300
2023-01-05,73.78189086914062,72.61306687354494,29085600
2023-01-06,74.9507064819336,73.86305566764723,31420600
2023-01-09,75.03189086914062,74.29325722934612,19285800
2023-01-10,75.95720672607422,75.07247008303811,19821100
2023-01-11,75.6893539428711,76.28999694799518,23834100
2023-01-12,76.08707427978516,75.87604140369409,18058600
2023-01-13,76.15201568603516,76.04649924056908,16905800
2023-01-16,74.87767028808594,74.67474977240006,19563900
2023-01-17,74.78026580810547,75.08870895357666,18719500
2023-01-18,75.76239013671875,75.53512018185286,16737300
2023-01-19,76.08707427978516,76.13577941419611,21712500
2023-01-20,76.28999328613281,76.21694487492417,27103900
2023-01-23,76.5416259765625,76.5822063667558,13534300
2023-01-24,77.35330200195312,76.5497323120894,17439800
2023-01-25,78.08380126953125,77.27211931790352,18282900
2023-01-26,79.54483032226562,78.32730740916972,26876000
2023-01-27,77.36952209472656,79.4230764073696,34682400
2023-01-30,77.09355163574219,77.84029751735513,23820000
2023-01-31,76.71207427978516,76.54973414996643,20658600
2023-02-01,75.85980224609375,77.27212725301868,28818100
2023-02-02,72.35333251953125,74.42312408328436,37844400
2023-02-03,72.19911193847656,72.85657857416787,22545600
2023-02-06,71.29814147949219,71.59034748495256,17888700
2023-02-07,71.76892852783203,71.09523091049986,16259700
2023-02-08,72.0124282836914,72.32086521542327,14411000
2023-02-09,71.74457550048828,72.01243206171567,19782200
2023-02-10,70.45401000976562,71.57412909833045,18099100
2023-02-13,70.38095092773438,69.73972135495548,13798500
2023-02-14,70.69750213623047,70.61633517341018,20072400
2023-02-15,72.23971557617188,70.69751816242147,28465800
2023-02-16,72.3939208984375,72.47508786140784,28740800
2023-02-17,71.4523696899414,72.72671025751231,26381400
2023-02-22,70.90853881835938,70.65691938425263,16864400
2023-02-23,70.57575225830078,70.61633883813838,21485100
2023-02-24,69.02543640136719,69.84523693604582,17183900
2023-02-27,69.02543640136719,68.63582632575849,14422200
2023-02-28,69.2527084350586,69.0416693797695,21127300
2023-03-01,72.40203857421875,71.24133295988385,30916600
2023-03-02,72.23971557617188,72.4020495386114,21740900
2023-03-03,72.48320007324219,73.1325419128301,19783400
2023-03-06,69.92640686035156,70.96535884916818,27298600
2023-03-07,69.26082611083984,70.49458001832153,20898200
2023-03-08,69.89395141601562,69.47999177974695,22274800
2023-03-09,68.97673797607422,69.09848532000356,24439300
2023-03-10,68.74946594238281,68.66829897734644,21820200
2023-03-13,69.03356170654297,68.4816176578255,23460200
2023-03-14,69.66203308105469,68.94865622259697,18077900
2023-03-15,67.5633773803711,68.01960899655988,34103400
2023-03-16,67.81222534179688,67.3725874622549,20573400
2023-03-17,68.62515258789062,68.77446417869596,39906400
2023-03-20,69.189208984375,68.61684690522222,19650900
2023-03-21,68.60855102539062,69.0316015389191,15692200
2023-03-22,67.75416564941406,68.01960776804623,18085500
2023-03-23,66.01219940185547,67.62143942978304,26000100
2023-03-24,65.25735473632812,66.10345594631683,27801900
2023-03-27,65.14950561523438,65.95412872751255,14202900
2023-03-28,65.83800506591797,65.29882398650805,13866800
2023-03-29,66.78364562988281,66.35229821792656,17345200
2023-03-30,67.87029266357422,67.77074950100598,14249000
2023-03-31,66.60114288330078,67.68779543756429,22468400
2023-04-03,66.61772918701172,66.19468502095415,13510200
2023-04-04,64.73475646972656,66.32740911491977,20485600
2023-04-05,63.78082275390625,64.49419961607941,25382600
2023-04-06,63.664695739746094,63.59833362596474,13976800
2023-04-10,64.89236450195312,63.66469080668239,13849000
2023-04-11,68.31822967529297,66.775345411664,34226000
2023-04-12,66.8582992553711,68.64174153996207,32702000
2023-04-13,65.95413208007812,66.36058891516461,21361900
2023-04-14,65.37346649169922,65.6140243615265,22693200
2023-04-17,64.59373474121094,65.92924198007259,21479200
2023-04-18,65.14950561523438,65.35688244505293,15193400
2023-04-19,63.24993896484375,64.12092426237268,31128000
2023-04-20,61.93102264404297,62.95961000022936,31112800
2023-04-24,59.69134521484375,59.890425197047136,29754000
2023-04-25,58.065521240234375,59.06092764432542,31799200
2023-04-26,58.28947830200195,58.89502144796947,25907200
2023-04-27,59.52545166015625,57.816662145288646,31717800
2023-04-28,60.056339263916016,59.41761499807399,33277500
2023-05-02,57.6839485168457,59.143883392877434,37367900
2023-05-03,57.23600387573242,58.01574276529077,19958300
2023-05-04,55.46086883544922,57.27749218339069,35996200
2023-05-05,57.26918411254883,56.149350535769244,27107300
2023-05-08,58.0406379699707,58.646174871536225,24917600
2023-05-09,58.637882232666016,57.650766366124586,18717400
2023-05-10,57.534629821777344,58.80377504409557,24792600
2023-05-11,56.414794921875,56.40649807660962,27709000
2023-05-12,56.47286605834961,56.323554471227745,17578100
2023-05-15,57.28578186035156,57.484868202846975,21020000
2023-05-16,56.107879638671875,57.23601020110064,23990300
2023-05-17,57.965980529785156,57.33555940045632,30913100
2023-05-18,58.04893112182617,57.965975318221375,23710600
2023-05-19,57.41020965576172,58.4802750219837,33892200
2023-05-22,56.48945236206055,56.73830711214084,18936200
2023-05-23,55.212013244628906,55.99175226428884,39413300
2023-05-24,53.95945358276367,54.56499038103897,33304700
2023-05-25,53.793548583984375,54.581584337331414,36934900
2023-05-26,55.02122497558594,55.369616549609006,38181700
2023-05-29,54.606468200683594,55.859019692818684,17320700
2023-05-30,53.320735931396484,55.01293182720092,39920700
2023-05-31,52.930870056152344,53.32073639510588,103408900
2023-06-01,54.05070114135742,53.86820851455186,51982400
2023-06-02,56.356727600097656,56.40649601259153,39185700
2023-06-05,55.8922119140625,56.7963783612284,21478500
2023-06-06,56.0746955871582,56.24060085432046,31884200
2023-06-07,56.96227264404297,56.074699963530165,27377500
2023-06-09,56.705116271972656,57.79176874729183,30056800
2023-06-12,55.67654037475586,56.24060567417055,26651200
2023-06-13,56.26548385620117,56.65535331487719,34288100
2023-06-14,57.25259780883789,57.227713599487345,53775600
2023-06-15,57.700531005859375,57.31895837262396,31874100
2023-06-16,57.791770935058594,57.567806753066066,39953600
2023-06-19,57.56781768798828,57.77519454829901,14894300
2023-06-20,56.0829963684082,57.236011159385846,35748700
2023-06-21,55.5189323425293,55.635062876018715,27336800
2023-06-22,55.22030258178711,55.303252048874356,21394900
2023-06-23,54.6645393371582,54.74748881205468,23510900
2023-06-26,54.780670166015625,54.38250382424962,15030400
2023-06-27,55.435977935791016,55.49404319737214,22737400
2023-06-28,53.68571853637695,55.39450171051742,37628600
2023-06-29,54.34103012084961,53.68571853259937,24841800
2023-06-30,53.270965576171875,54.506929814737596,42992000
2023-07-03,54.93827438354492,53.67741967190346,22738400
2023-07-04,54.6645393371582,54.61476458930891,12573200
2023-07-05,54.18342208862305,54.42397998950359,27363600
2023-07-06,53.793548583984375,53.68571491039817,18579200
2023-07-07,54.2995491027832,53.48663546281575,57287600
2023-07-10,53.47004318237305,53.5032242359095,36698500
2023-07-11,55.22859573364258,53.98433482462855,35550200
2023-07-12,55.61846923828125,56.40649867358915,22864300
2023-07-13,56.912506103515625,56.588998707417666,24187200
2023-07-14,56.912506103515625,57.39362193876268,20342500
2023-07-17,56.28207778930664,56.68024413980949,15322300
2023-07-18,55.92538070678711,56.182532273535585,16950600
2023-07-19,55.77607345581055,55.98345029707999,14512600
2023-07-20,55.9005012512207,56.53092862549084,20992700
2023-07-21,56.2406005859375,55.94197743510932,24852700
2023-07-24,57.94108963012695,56.15764748499916,30616400
2023-07-25,59.73282241821289,59.47567085185414,31556700
2023-07-26,59.52545166015625,59.51715481429559,19066400
2023-07-27,58.413909912109375,59.06092467510458,28254500
2023-07-28,56.099586486816406,58.08210878325558,45938800
2023-07-31,57.36872863769531,56.40649711967205,26065700
2023-08-01,56.5723991394043,57.045218079109034,30015700
2023-08-02,55.65164566040039,56.19082670931189,29547300
2023-08-03,56.00004196166992,55.452564082786175,35512300
2023-08-04,56.0415153503418,55.74289219373715,22954300
2023-08-07,56.32355499267578,56.11617813801103,23057700
2023-08-08,55.95857238769531,55.5687028696408,43405600
2023-08-09,55.452571868896484,55.95857192061953,21859000
2023-08-10,54.7972526550293,55.41938315775629,28372300
2023-08-11,54.34103012084961,54.90509539120178,42335100
2023-08-14,52.895565032958984,53.81845847240126,41056900
2023-08-15,52.37430191040039,52.938293275269544,28611000
2023-08-16,52.16920852661133,52.459749707300965,30508600
2023-08-17,52.904109954833984,53.48519234867999,39481200
2023-08-18,52.31447982788086,52.2973887869896,34201900
2023-08-21,52.38283920288086,52.54520245671792,17695300
2023-08-22,53.47665023803711,53.01520186406877,30995800
2023-08-23,53.869728088378906,54.04917912605432,19128500
2023-08-24,53.15192413330078,53.57064324843101,17821500
2023-08-25,53.040836334228516,53.5535545720747,11395300
2023-08-28,53.80136489868164,53.34846372118084,14173600
2023-08-29,55.518978118896484,54.160271300026366,28625700
2023-08-30,55.527530670166016,55.724069515274735,21812600
2023-08-31,55.612979888916016,56.03169901271333,31011100
2023-09-01,58.868743896484375,56.988774988565105,57288600
2023-09-04,59.3045654296875,59.202019167728665,22397800
2023-09-05,59.04819869995117,58.95419959661418,19253500
2023-09-06,58.099666595458984,59.09092748876135,28466500
2023-09-08,57.005863189697266,56.9973160390844,19989200
2023-09-11,57.82621765136719,58.19366691854716,19493800
2023-09-12,57.783485412597656,58.1082053897913,14201300
2023-09-13,57.561309814453125,57.82621280361962,15448400
2023-09-14,59.91982650756836,59.21911005683318,62390300
2023-09-15,59.424198150634766,60.67181497193504,37901700
2023-09-18,58.72347640991211,59.42419282259806,21849000
2023-09-19,58.83456802368164,58.68075189537586,43870300
2023-09-20,59.22764587402344,59.20201094198717,14372200
2023-09-21,57.68095016479492,58.36457884864864,21686000
2023-09-22,58.108211517333984,58.44147867947108,17063700
2023-09-25,56.911865234375,57.26222670131461,34715000
2023-09-26,56.02315139770508,56.14278543208482,24178800
2023-09-27,56.14278793334961,56.48460226947701,17109300
2023-09-28,56.997314453125,56.49314341361148,26072300
2023-09-29,57.74930953979492,57.518582107345395,19018000
2023-10-02,57.2451286315918,57.749306181635504,11175900
2023-10-03,56.894771575927734,56.46750535475597,15268800
2023-10-04,56.288063049316406,56.7409642708314,14377000
2023-10-05,56.313697814941406,56.288062880904604,11556300
2023-10-06,57.13404846191406,56.30515082138386,22711400
2023-10-09,56.7238655090332,56.168424594730155,14392200
2023-10-10,57.06568145751953,57.3049495234064,18261700
2023-10-11,57.561309814453125,57.09131433086846,13659400
2023-10-13,56.903324127197266,57.42458954779427,16302700
2023-10-16,57.51004409790039,57.59549605028744,13103300
2023-10-17,57.98003387451172,57.253682490117484,24031000
2023-10-18,55.85224533081055,57.45876410129111,34907300
2023-10-19,55.04898452758789,55.80097733347251,22855500
2023-10-20,53.56209945678711,54.10899975662329,58015100
2023-10-23,53.459556579589844,53.31428435350797,17595000
2023-10-24,54.68153762817383,54.69008151910672,21768800
2023-10-25,54.63026428222656,55.28825145423256,26091800
2023-10-26,55.80097579956055,54.51917376814521,30936700
2023-10-27,57.740760803222656,55.946243855923534,47989100
2023-10-30,58.26202392578125,58.450022111861244,26604100
2023-10-31,58.962738037109375,57.91166027305662,20961400
2023-11-01,60.090728759765625,59.184926341450776,31543500
2023-11-03,60.842716217041016,60.885445453255706,28599600
2023-11-06,61.09907531738281,60.84271295298008,19096300
2023-11-07,59.885643005371094,60.52654242147421,37073000
2023-11-08,59.92835998535156,59.91981935470851,21047900
2023-11-09,60.21890640258789,60.24454133449335,16542700
2023-11-10,61.14181137084961,61.013630174351356,22200500
2023-11-13,61.01362228393555,61.52634048405622,14410500
2023-11-14,62.902137756347656,61.54342769312229,52233600
2023-11-16,63.32086181640625,62.46632925067995,31235400
2023-11-17,63.44049072265625,63.43195009177738,24538600
2023-11-20,64.99574279785156,64.77356903190916,28810100
2023-11-21,66.56808471679688,66.04681935721031,45317800
2023-11-22,65.935302734375,66.81620192046077,33715300
2023-11-23,65.52127838134766,65.51247422849927,10279200
2023-11-24,64.96631622314453,65.6269906254138,16667000
2023-11-27,64.5787124633789,64.69323365046903,17312300
2023-11-28,64.71965789794922,63.67138581919724,22019000
2023-11-29,64.70203399658203,65.0103540476317,15853100
2023-11-30,65.05440521240234,65.1953523117307,29712900
2023-12-01,66.26123809814453,65.82959937716724,25025200
2023-12-04,64.77251434326172,65.39795194214899,22402300
2023-12-05,64.17350006103516,64.50824603057727,25179500
2023-12-06,63.75068283081055,64.74609659021846,20503900
2023-12-07,63.953277587890625,64.0325620069647,17535800
2023-12-08,64.12946319580078,64.39372891820298,16083200
2023-12-11,64.18231201171875,63.49521175640418,15443400
2023-12-12,64.29682922363281,64.83417826073362,11036300
2023-12-13,64.30563354492188,63.86518400009364,25288200
2023-12-14,64.65799713134766,65.186535262302,29454300
2023-12-15,65.06321716308594,65.23939431943451,23279500
2023-12-18,65.37152862548828,65.23939240174708,16333400
2023-12-19,65.82958984375,65.80315722648643,21763700
2023-12-20,65.61817932128906,65.82959996755268,14147900
2023-12-21,67.80280303955078,66.4638326787549,24202600
2023-12-22,67.29188537597656,67.94374886367277,26277000
2023-12-26,67.52973175048828,67.97018132343727,12149500
2023-12-27,68.18159484863281,67.69709763285532,13821200
2023-12-28,68.00540924072266,67.82923210536312,16545800
2024-01-02,67.87328338623047,68.35777389479172,18021800
2024-01-03,67.52091979980469,67.57377159708254,25315100
2024-01-04,66.61359405517578,67.32712019368529,18707000
2024-01-05,65.75912475585938,66.09386402288716,21082500
2024-01-08,65.42437744140625,65.13368582731277,23013300
2024-01-09,64.5963363647461,65.27462575399002,15257400
2024-01-10,63.627349853515625,64.12065123689898,21354600
2024-01-11,63.96208953857422,63.82114244483627,20289100
2024-01-12,63.15166091918945,63.60091463755382,16343400
2024-01-15,63.02833938598633,62.73764104191126,12745700
2024-01-16,62.209102630615234,63.072380065066945,22620300
2024-01-17,61.09035873413086,61.90078439256235,43086400
2024-01-18,60.78203582763672,61.839112023305,30490600
2024-01-19,59.98923110961914,61.2224912707289,60583000
2024-01-22,59.7249641418457,59.46069171260995,23318900
2024-01-23,60.95821762084961,60.73799283649578,33886800
2024-01-24,61.57485580444336,61.92721683076512,36922100
2024-01-25,60.05970764160156,61.66294391455078,47637000
2024-01-26,61.22249221801758,59.81305489239573,27397200
2024-01-29,60.93178939819336,61.2136768425864,15866100
2024-01-30,60.58824157714844,61.134401461636756,34371300
2024-01-31,59.689727783203125,59.98923026573221,34753400
2024-02-01,59.416648864746094,59.78663163969367,21060300
2024-02-02,58.209815979003906,59.24927721865494,32589900
2024-02-05,57.707706451416016,58.05125658971797,24103300
2024-02-06,58.72954177856445,58.20100365915914,27505600
2024-02-07,58.84406280517578,58.86167783012691,19863400
2024-02-08,58.3243293762207,59.45187916382339,25812100
2024-02-09,58.06887435913086,58.227436485893506,18534800
2024-02-14,57.892696380615234,58.13053620700746,12497900
2024-02-15,57.707706451416016,57.698895577921085,17360200
2024-02-16,59.901145935058594,58.5709862538146,40947100
2024-02-19,59.451881408691406,59.05547948176929,12571600
2024-02-20,58.14815139770508,58.27147673388766,44417200
2024-02-21,58.58860778808594,57.80460803621488,20362800
2024-02-22,59.21403884887695,58.87929288807664,35910500
2024-02-23,59.35498046875,60.12136512496956,42133700
2024-02-26,57.91912078857422,58.61503194369988,33864400
2024-02-27,59.443084716796875,58.57980048930783,28141800
2024-02-28,58.79120635986328,58.844064878032285,20331500
2024-02-29,59.01143264770508,58.62384158870593,20717000
2024-03-01,58.91453170776367,58.92334258091402,22423300
2024-03-04,58.78239822387695,58.97619037494027,13148000
2024-03-05,58.007205963134766,58.13934217586166,24436500
2024-03-06,58.800018310546875,58.333142835981725,33510700
2024-03-07,58.597408294677734,59.42545564339655,19036200
2024-03-08,58.14815139770508,58.31551765639471,23188200
2024-03-11,56.342308044433594,57.064645068565035,58622400
2024-03-12,55.99125671386719,57.39011824612216,44680100
2024-03-13,56.35017776489258,55.770385629570455,32769200
2024-03-14,55.63233947753906,56.23053456226518,30085800
2024-03-15,54.99732971191406,55.310233008754345,57064200
2024-03-18,56.046478271484375,55.669154019209444,21371000
2024-03-19,56.506629943847656,56.810328239109964,16888900
2024-03-20,56.88395690917969,56.51583412878554,18210000
2024-03-21,56.745906829833984,57.454540860701904,18445500
2024-03-22,56.092491149902344,56.59865730168409,11058400
2024-03-25,55.97285079956055,56.156912176081086,10478200
2024-03-26,55.264217376708984,55.503498221964705,27142700
2024-03-27,55.7703857421875,55.03414370971657,23927000
2024-03-28,55.9820556640625,55.78878928830936,18467000
2024-04-01,56.340972900390625,56.690685649984694,16740100
2024-04-02,57.00358963012695,56.47901698864409,22583000
2024-04-03,56.18452072143555,56.47901752257212,22319900
2024-04-04,55.5587158203125,56.046479014361466,22990500
2024-04-05,54.951316833496094,55.475889506508025,15379000
2024-04-08,57.951507568359375,56.230537642670825,40281300
2024-04-09,57.564979553222656,58.55890895498787,37026100
2024-04-10,56.69068908691406,57.362513670768756,21206800
2024-04-11,56.929969787597656,56.865548829431404,16338700
2024-04-12,56.718299865722656,57.79505316506535,25740900
2024-04-15,57.04960632324219,57.334898115468135,28567300
2024-04-16,56.54344177246094,56.258149954496425,29973800
2024-04-17,57.1600456237793,58.01592807993107,34220700
2024-04-18,57.3717155456543,57.69382033951921,19932500
2024-04-19,58.310420989990234,57.279682217934884,32882400
2024-04-22,58.28281784057617,58.00672400334778,27171200
2024-04-23,57.776641845703125,57.66620642926187,23160500
2024-04-24,58.494483947753906,58.494483947753906,25212800
2024-04-25,57.26127624511719,57.684614948616364,27231000
2024-04-26,57.26127624511719,57.26127624511719,0
2024-04-29,58.80738830566406,57.86867842210685,18487200
2024-04-30,58.246002197265625,58.43926506594441,15597400
2024-05-02,58.82579040527344,58.62332604879459,17852900
2024-05-03,58.89021301269531,59.05586438615643,23681200
2024-05-06,59.0650749206543,59.101887900730375,13423600
2024-05-07,59.43319320678711,59.58964309426401,21315200
2024-05-08,58.89021301269531,58.57730973272888,18245800
2024-05-09,59.3687744140625,58.80738877727513,19672800
2024-05-10,59.16630172729492,59.589640415094124,13705000
2024-05-13,59.51601791381836,59.54362589180781,14504100
2024-05-14,59.47920227050781,59.33195738737699,13313500
2024-05-15,59.30435562133789,59.31355360031372,21292100
2024-05-16,59.736900329589844,59.801321290256915,16647700
2024-05-17,60.90567398071289,60.04979161250792,32338800
2024-05-20,60.87807083129883,60.868865831391695,22222300
2024-05-21,60.703208923339844,61.430249421983135,23042800
2024-05-22,60.22465515136719,60.740022794913855,17404000
2024-05-23,59.8657341003418,60.02218398046752,16445800
2024-05-24,59.893348693847656,59.81972273458688,11731900
2024-05-27,60.09581756591797,59.736899785277814,5119400
2024-05-28,58.79818344116211,60.07740460059906,22173900
2024-05-29,58.19998550415039,58.38404336594095,16496900
2024-05-31,58.16317367553711,57.877878367044744,23383600
2024-06-03,56.939170837402344,57.83186626606899,18846500
2024-06-04,56.35938262939453,56.49742603511495,19865100
2024-06-05,55.5587158203125,56.230536887624886,18000800
2024-06-06,56.33176803588867,55.92683581980296,17888300
2024-06-07,55.59552764892578,55.85321147470602,14822100
2024-06-10,56.20293045043945,55.77038671291201,14762900
2024-06-11,56.12010192871094,55.586327772581534,24588400
2024-06-12,55.3470458984375,56.28575578745008,21969600
2024-06-13,55.9820556640625,55.51269897953468,13692600
2024-06-14,55.78879165649414,56.00046101922919,12282100
2024-06-17,55.56791687011719,55.255013592862895,13976100
2024-06-18,55.82560348510742,55.54030817042368,12239900
2024-06-19,56.00046157836914,55.68755827583684,8744100
2024-06-20,56.506629943847656,56.18452164869683,19497200
2024-06-21,55.9820556640625,56.166113529459786,39134100
2024-06-24,56.046478271484375,55.65074752999129,13669000
2024-06-25,55.816402435302734,56.1293057307266,13962500
2024-06-26,56.506629943847656,56.2029281379065,17096700
2024-06-27,56.65388107299805,56.55264713281301,13755300
2024-06-28,57.26127624511719,56.764311587611864,22429400
2024-07-01,58.10795593261719,57.71222519100012,20236800
2024-07-02,57.91469192504883,58.05273883617922,24335300
2024-07-03,59.0650749206543,58.40245532200087,29884200
2024-07-04,58.77057647705078,59.48841201529916,7984300
2024-07-05,58.53129577636719,58.255205454065994,13138400
2024-07-08,58.07114028930664,58.05273731160609,18662500
2024-07-09,57.99752426147461,57.95150979077625,9794400
2024-07-10,57.21525955200195,57.67541124282653,17384000
2024-07-11,57.06801223754883,57.44533649077949,13413600
2024-07-12,57.905487060546875,57.12323059079071,13141700
2024-07-15,57.96990966796875,57.79504978431234,10198000
2024-07-16,57.36251449584961,57.32570151607458,22363900
2024-07-17,56.8287353515625,56.948375777397985,23145000
2024-07-18,56.29495620727539,56.78271938713093,20625500
2024-07-19,56.24894332885742,56.322569286642775,20553900
2024-07-22,56.18452072143555,56.24894167726675,13095200
2024-07-23,55.429874420166016,55.770385701684226,22512000
2024-07-24,55.7703857421875,55.457482439552486,17817300
2024-07-25,55.742774963378906,55.678354008190674,17959500
2024-07-26,56.571048736572266,56.55264224806675,72721200
2024-07-29,56.67228317260742,56.773513594270966,28005900
2024-07-30,55.42066955566406,56.16611303168123,28562300
2024-07-31,56.718299865722656,56.05568029032476,34433100
2024-08-01,55.448280334472656,56.92076438306676,40469400
2024-08-02,54.67522430419922,55.80719705354376,35296000
2024-08-05,54.39267349243164,53.715389240035805,24635900
2024-08-06,54.6693115234375,54.12557587280232,23930200
2024-08-07,54.56438064575195,54.66931272782242,19243400
2024-08-08,54.23050308227539,54.402209456358925,14584800
2024-08-09,54.43082809448242,54.4880611249645,21989300
2024-08-12,54.15419387817383,54.46898648717738,18421500
2024-08-13,53.915714263916016,54.36405912084959,26100900
2024-08-14,53.41967010498047,53.38151232442033,51693500
2024-08-15,53.63907241821289,53.32427982277695,28153700
2024-08-16,53.49598693847656,53.371975968169686,44280200
2024-08-19,54.354515075683594,53.915711506490226,28349600
2024-08-20,54.56438064575195,54.73608702751701,19475800
2024-08-21,55.61369323730469,55.56599782961389,23200300
2024-08-22,55.690006256103516,55.556457665101,17719100
2024-08-23,54.755165100097656,55.57553557535584,24018700
2024-08-26,55.37520980834961,55.80447573408938,17168700
2024-08-27,57.04457473754883,56.949183926454864,35232600
2024-08-28,56.6343879699707,56.6343879699707,21280300
2024-08-29,56.5676155090332,56.672547588496656,19175500
2024-08-30,56.834716796875,56.395909584780604,36685200
2024-09-02,56.03342056274414,56.10973248590815,13155000
2024-09-03,53.94432830810547,55.27982155236296,29504400
2024-09-04,54.36405563354492,54.087417180462296,19501800
2024-09-05,54.755165100097656,54.26866247939456,16585500
2024-09-06,54.06834030151367,54.85055664428325,17917900
2024-09-09,54.06834030151367,54.4785273640546,10204400
2024-09-10,53.41967010498047,54.22096530211222,17580600
2024-09-11,54.93640899658203,54.1255761489164,25592400
2024-09-12,55.43244552612305,55.42290426186704,17929800
2024-09-13,55.80447769165039,55.42290715784637,15045100
2024-09-16,55.80447769165039,55.737703394073634,10548000
2024-09-17,55.53738021850586,55.68046643875894,12056600
2024-09-18,54.88871383666992,54.936409244584446,14429800
2024-09-19,55.54691696166992,55.87125081692019,19328400
2024-09-20,54.70746612548828,55.05087888433692,30842600
2024-09-23,54.87916946411133,54.45944480373417,18164700
2024-09-24,57.559696197509766,57.435685226890904,44910100
2024-09-25,57.817256927490234,57.92218900943763,21557700
2024-09-26,61.28953170776367,59.71555784257747,61449300
2024-09-27,61.01289749145508,61.71879828026586,37237900
2024-09-30,60.58362579345703,62.310227096923406,28980300
2024-10-01,60.87934494018555,60.57408997473406,18091500
2024-10-02,61.213218688964844,61.451699366990596,20310600
2024-10-03,60.039894104003906,60.69810310332783,26675400
2024-10-04,59.60108947753906,60.020814152836934,16268300
2024-10-07,60.1257438659668,60.00173654066671,22467400
2024-10-08,58.30375289916992,58.008039198720766,38028100
2024-10-09,58.151126861572266,57.87448840550152,22758400
2024-10-10,58.427764892578125,58.618550158788125,17192100
2024-10-11,59.26721954345703,58.179748226152086,20939400
2024-10-14,59.07643127441406,59.44846053367605,44954000
2024-10-15,58.35144805908203,58.28467376320244,25559300
2024-10-16,59.4675407409668,59.076432582960834,29731800
2024-10-17,57.96034240722656,58.20836435026186,20345200
2024-10-18,57.7600212097168,58.37053118141096,21823500
2024-10-21,57.5501594543457,58.52315742666058,19044900
2024-10-22,57.626468658447266,57.37845036404358,14814000
2024-10-23,56.61531066894531,57.13042979919139,18289900
2024-10-24,56.94918441772461,56.605771672542005,11331700
2024-10-25,58.88564682006836,57.7790966526849,38466000
2024-10-28,59.98265838623047,59.62016675347004,16572400
2024-10-29,59.772796630859375,60.33561117313021,14941700
2024-10-30,59.591552734375,59.620169251159126,12263300
2024-10-31,59.200443267822266,59.46754045573754,16553300
2024-11-01,59.17182540893555,59.27675749081028,15236400
2024-11-04,59.78233337402344,59.52477744938226,12360000
2024-11-05,59.2576789855957,60.04943659840613,16368800
2024-11-06,58.589927673339844,58.475457973737,19726800
2024-11-07,60.631324768066406,59.16228301798717,38173300
2024-11-08,57.836334228515625,59.13366968069399,48764700
2024-11-11,55.947566986083984,56.996880485049964,24483700
2024-11-12,54.67884826660156,55.88079289307302,26967600
2024-11-13,54.52621841430664,54.67884589243011,20354900
2024-11-14,54.22096252441406,54.526217475404735,17967600
2024-11-18,54.898250579833984,54.45944701179481,14300000
2024-11-19,55.02225875854492,55.13672845767771,12902100
2024-11-21,54.96502685546875,54.850557146410424,15428500
2024-11-22,55.49922180175781,54.7933174175798,12590500
2024-11-25,55.489681243896484,55.49922250861468,17444500
2024-11-26,54.78377914428711,55.60415322144354,21406600
2024-11-27,55.4515266418457,55.20350470619793,22121200
2024-11-28,54.87916946411133,55.23212346833024,20467000
2024-11-29,56.07157516479492,55.565997298041694,31023600
2024-12-02,56.20512390136719,56.138349603286386,18972100
2024-12-03,55.77585983276367,56.56761375879971,15957500
2024-12-04,54.68838882446289,55.70908579783899,25109200
2024-12-05,55.1367301940918,54.812396337229586,14160000
2024-12-06,54.19234848022461,54.82193730020777,17897900
2024-12-09,57.07319641113281,55.804477484041776,40440600
2024-12-10,57.015960693359375,56.987344176576045,13089300
2024-12-11,56.12881088256836,56.75839970856854,30138500
2024-12-12,54.579795837402344,55.24387964955627,28841800
2024-12-13,53.76172637939453,54.358436235594006,18532800
2024-12-16,53.732852935791016,53.75209844261274,18958500
2024-12-17,54.00233459472656,53.78097455014676,22987600
2024-12-18,52.75116729736328,53.67510583123477,34658200
2024-12-19,51.7502326965332,52.953278824856724,29529900
2024-12-20,52.568302154541016,51.41337714675131,64919500
2024-12-23,52.7896614074707,52.616422475331916,18587900
2024-12-26,52.94365310668945,52.789663347064355,13155800
2024-12-27,52.683799743652344,52.67417331825927,16635300
2024-12-30,52.50093460083008,52.8377897343295,11250900
